core_clause_id	fcuj__clause_id	clause_sha256
1	10	1BF144614E136B999F85819BCA1A981E021C58EB354A02AC5854485260081F06
2	12	55C09B0F58E506E2A2446D996DECC4FB4B269B227E373AEE61050A637DAF2C45
3	14	C9CC34FD3F30DBFFDEC8E73BC0749368C8404712386BBCD09410758F79F3D057
4	16	97D86A44B74771B585DF3ECC6604F0F249FF2BB06416EC2BE67EB9AC8B406D45
5	90	9AD170D9C9EE1AAF8AEC789465F7ADC44197E3F0D7520EB57216D8338297A1E7
6	92	0668ABD48081872E56D622CFE35CB67CBA7816057EE84E7476FB005135BBAEB3
7	94	B16EA895D2A83538F70DB2DE95EB0EDB4EA343E667EB0270AB8AD7141D9C3CE2
8	96	485DF9732154BCED6E6DC5AF71E691E98EBF529C7C9EB1AEC547169DCDA1188F
9	98	E6FE6299C9CE1AB519DF95EEAEB10ED1C94A26AF4A3920D591D513E2273A4989
10	118	8B0AC2E2700DC161F7F4E981B36C27BDDB5AC936B9F00826881E38302CA2CF74
11	124	7859DDAD1671FC47282B394CA1EF1FF4A0A746B58784E6D807C9A0CFB127BC55
12	159	AC4DC434EF196FCB02C78B93B55E22CF8C2B5F53293024630084CB1DD54B8839
13	161	FA939483E65143709328D9C5A11FD7E38A876074D9CB2A080789B1091AC8ECE4
14	163	9B453017FB3A313F51120C3582AEB02F1183A170E24BB31B6596B8B19127AB3F
15	165	990C2F13FEB4D9FDD99BC3AA834516B0D8B464024DE069735A6DCB7D7CD96CDD
16	167	0EC065CDFCEF40B47CAED1F378DD8F7EA4026F34FB73DBCD469AD7D0ACF98BB6
17	169	FB1E996926F313541B47BE9DEA31645A76B927A266F1918F62D76A56570D8D21
18	182	A5A770A680C410B704F3DC453B787F00228BB97584C9D1C8EFAFAB909AF4739C
19	184	E4B9946C7039EEF665A2494688A6D99B4820E570EF079BDE1DFA279CD5BD4E84
20	186	5734E76CF0E55330A689C8171EA864BF8E02281FBEE7D42D07B06A6D6C2F8544
21	188	D04040A31EB88540D53C1FE11FB2FF0142E25A919B7C9559CAF8E45457177F38
22	209	26E7477C255B6181EE54184180953C8FA8E3948BD31C2B8CD1E4B35355297A20
23	211	7E6077C5A6D3D791114AA9727AB9F8999B0CF02C8301BEFA5E7B862AFFF12308
24	213	349709753C6EBD65828AE5C990090F8A074D2BA6C61901C528640C866F4356AD
25	215	7F4A5A693CAB721A91C53181977930547C79F438EAB2BC619C8265CFA70D2CD4
26	217	45A7D74A06A4ACC58DC0964DFFB2712082CE1E7DC52E22E7B34CF3E05B2D02B6
27	219	8504B4B49B417D2C20FFA8195755F336AA4314F9C585310F977BBD0617BBF2D8
28	228	957B4C65D0FF39C2735DF9C9405415DB38195B991B22D3CB8ECACA91ACD303F4
29	239	143F70B940F7A7953F02243FA9488086146A47C6F796EF8923D389FFC4E03773
30	244	A7A77ABE2E2E4A77F3DB197EC2E84F0B4394780D5704820BE624AA324F5B89A4
31	248	E951E75C7EC39C0CC3554D94FDC4F70A42500F1D0E778DCD71C44F2204B27DB0
32	250	07FADA50EE0F1C05A076BDF7E372FA1210EAC8CFED4DCBA91139E8E5A72CDF14
33	252	441F25E46BB6AB06ECEEC92A7C1C8E16825AB4C5281F1FD7805925B6652005CA
34	254	B3A4C8F1F606D8F0DCB7CAD1EA30116F6309F3A6FB69F6247A34A1593C9BE286
35	314	512410977E476835EAB486EB7C0790B81CA763B394468F4F151C14B14C604E8A
36	316	2F20CD489F82501A93F2365D89FDA9A7B9D49C72F7922BEC205C8BCBB5A23381
37	318	3C716A659F0C46AF6F16CD834E8A60B54CC9F300477DCCCE0A30F3C8BDA99BE5
38	357	7530CA81A9C92DCE0A0818437364634731023CE834EA2676E42CBD8A264EA47A
39	361	A571F378870D56FB20E00B736398EBEA7620AFEDAE42CD4FC6C6F439D2B09FE8
40	363	C7B6EC79D41A24A61A8CF0B8E94643AF82B895961D9E8ED68BA99D46920D933D
41	365	5C1AB46C4C5420915BFAFD43327E82CD3A9196E4DF72861DE02A3393E938C9AB
42	367	124E55BF333B4814EE5D07DB4D4AB41B1555F2BCC2B009F791D825B0FA35C85A
43	384	9179FEE3A973CF03244FF632A4575465D812778354CCB019110B7E176FFCCC8C
44	389	38185B69F2AC82364E9DBAC988CF173A90862DDCD24F20A693A14470DA95C814
45	391	A9638B9CCAB709EBAB79D2F4FC4C59F2989D6ACA24AC57D6D63EA4F784776FBD
46	393	D51883453CC32BE0D49FB87B48A4956F2536150E4E1332BC11301C0E4704D7DA
47	395	E5462572798186B61C7273EEB1C240326116E91911E68E4E0B78140FD081A95F
48	397	D5A1FE99674A192804211FE68D650D7BA850B45E7108F262C636C6BE7BBA34C0
49	399	90CE1E973F23B959E5918403EB000B5BB87291DD13113729DC3F768D0F4A47EB
50	405	474C042319C702894F9A16FF93EF9B266072F7AFE50493C8F46E82077AADD704
51	407	1E5B4EAA12BF5393F5D37E03C23CBC18F0653671FDFE891B1A99345A99A3EDDF
52	440	9A58D1B885D99E5039F7CEF03833876DAF2DD08835B6A56C4BC33790C70C4F28
53	442	87E6FA2FA63EB83573C320A3A5AD9BFB8605C6F61B2C8FB3077423931A2EE1CF
54	444	88C7E4F5B892C1BDD958EBD91B6AA4958CE1EC4D544D22DAE1A1B69EA6333B53
55	446	2EF37796EC12633C950FED10E9B0EFD2399DF41996599176BB77D2B1DC47E5B8
56	448	0AFFFE508AA56EDFAE365BC0AA71FDD1A4807A49A0D2644D7D6588D1A62594B1
57	450	FFFB08784F1FC068A53C37E03CD77D285C5DA4BEE879A969884BC7E1FE3758A7
58	474	1D05DA5C7C992A7A588C032CA511A1A0461B0A8CEE961DE7B73A502612868C0F
59	476	D34F93CF5BD6ED3D5F569D75B53A779FFF091B51040C191E2670B91F09BDB93F
60	478	AE64E5930D768C654B69FE3A4ADA37EB9E80327225D8918B99762C8CEAF8331F
61	480	D08CACA0EB1C839324A06A65AEDBF402F24206C7E2F78E33BC044A2518557188
62	489	243F770286709A2DCC2149296AB11E8C4EC5C3D62CA0D0C70D9F399B7A59471E
63	499	27BBAD93FEAD10581D687A1AA4AF1E046479F3B45870839DF58AF1A2D2F608E4
64	505	6693839567BE61429B47B62941EDA4289C82C7B05957097707ED80C31CA93F22
65	507	527760F4602DDD8BE9779BFDEF2C26B7BC2AECA7E4E6347265A1E47A5A243497
66	509	5124CE3B412F5FD6CEFA04B1577ADC0DB5B60E744CDCA72AEE698313467602A6
67	511	1FA58A6D4A8B90163CBB04E1B1D8949F07941BC2D08005CA6EF3C7B2410CE8C6
68	515	9714169B7D2C3605C64BA31988C4CFEC81C7C600022FEE5969A06A592DCBEA18
69	517	B45B54E3D04E03F74FCA1DECC4B27DBEF66B1AC9547D6C5360B68ACB5D95F95F
70	519	232F10DFA72B8B7438DFDABA1D4AC933E239EA1483899A4918FDA5694D88C8B8
71	545	AD720A87D7E88AE2BFC205EFF561DE8AAB030C8FCDDB74D1C57166748FDAAA9B
72	547	A8BBD59D7A09B8F17DF225E4D2A5BB0B3228F49895DA610224D0BBB54119F5D9
73	549	5C8D6CCE232988F5A0CCA0905473456739B8EBBCA0461C6E0D575FB19F1F88D6
74	560	06ECE766EBD79521B7992B473043834366E04CAAFE40AA00F37E521D97597275
75	566	5B5D3EE88078D475FDE47DDB13A618E7647146690CE69D07CC6C173F7E0DEA3C
76	568	CD1340E329B86E5500A567472338702F2712E44E1EF2ACEDBFC8767D6D73FFBA
77	570	203FDD97B755DA8D4A6269848E68D4F9CD57EE0CD7E486B836847419FF758F4E
78	579	874BE1CA9D19279448D5BAD2460EEFA6A1C3E9FB647B64F410766149730B0B0E
79	581	1952D91378332D04B386A38B5E0708984E109842377EE7F94E4681E42FD1DB7D
80	599	D0CD6E7D7BF2E8D8BE6B3B27FD32DE7D3F7E91542B02051817C37CC2D24070B9
81	601	9167864B4695B1B3F000904B65D2F197AA9C6FEA3AE0CE29380326ACE78DD7AB
82	603	8D295900DB1B2A25FA7BD98F14EA9A55CF7A0572DAB7D2FA06B69AA9F0C29EDD
83	605	C9C21C6F847A8508795F08C052E2C2C3391613C394D8079E1414F7833739173C
84	614	0F42DAE8D0CB686B7D3CB6DFFCD8ECFCF9CAA9485405BE39071C975452E93C11
85	618	38E7DCE9F3C14D87903EC1ED2B600FBFC812F94B77618F0E79B4554AA0CE978D
86	620	5AA6F172438F4CDF80D31D140AEF4EAB8F4DCC9992358E7BF40004E72C3CBD51
87	632	9DF62D0A91CF5F329FEA68501C47788E856BFBD85BB7E0ADC7F794FB09E28411
88	638	CF9281659B1C3C1668BBA6414148B158210450FBC3A210D3FAEE355E0C958328
89	640	08880C6B3EB6CA44534B79D1FB305A0DD38631CAFAA64BBA1B689CD107C1CD4A
90	642	58483A130CCD4CF6A1B9ABC3F066116E52ECE2145795DA4D3B4B1FD7E9A1FBC4
91	647	28F703220DD4DFDE3FDD785392FD079607EA1FF7F6EE6473175E2346454787E2
92	671	296969866B5A3661CE015C4A397FDD043A4432403A5F87CAFD8B9B568A02696C
93	684	B1AC27857F8E39B1DA279D6D284CDCC0179D7B156D3779FFE0F401D2B50FA125
94	691	B85BD7350343E844B458D9BEB9435780841567DADDEB9B8B6D2CEE840D6AD912
95	696	4584E3DFBB57A7A6146704411C801D480F6D41F5B16605F4DEAD7E325DF5A4F7
96	697	42661ED6E349922BC3F68351DE1DE50057E918B5301147A947BEE633A49A68C3
97	698	D036D20264F7DF05F940FE027A27C6FD39A473C01657F2207304295B530F8254
98	699	E96E07A89F3BEE41831D85621E10B5C2857CDC527A0C48CBD313E8A03189FE3C
99	4615	BA25FDC7C5219F69B3CC9F64754AE95436E36075E934A59484CCC821568ABD7A
100	7641	F1316E17284AB2E67407C20A8C4CC2931A92BCCC895C729D5A6176F389F51827
101	9295	F38BD9F193FF88C7C3802E6A2C881462925C5FF6EDE773954AAE38EC2FCD33DE
102	10165	D7BC406556C4E4B5EB118C0B354E1B016CD86B077900919599DC2D30D908B4BB
103	12061	BD4CE08BB1880D51CA0C002BCF732310742A55852C033966FF44EE8AB0F68C8E
104	12321	9E7E3204CEA5CFE2B0C9F1F46CD3630C5B180B719D1D4ABCA0F3A810319C822B
105	13975	9BDD19BF48AADC4B314D90C56B7F75C1E12112C12169CE0D496B41B8D3112D89
106	14845	0D1B2A61AC8F175E496A64EC5358A232B37BB0D145E4ED8607E65F399492AAE4
107	17001	C18DB58A15F03C45668316823DD1D3C646066A338BFD0B60A97D5B791BD87853
108	18655	6F84C084BAE8F63B27BFFAAE77CD74D5EA2A8387EE855700E3816C8E7DFE797D
109	19525	9597DC48349E2308AB7B40390E007ACE74AD20DA682B9B3B76014CF8AD87265F
110	21421	AEDB2C656B85D8A2DC5343588FCA550BB5731E2B4B197CC79967A01B76997267
111	21681	DBD946C05C294B3DE0D108C6433B2FF45E289DCCAFF5855C8AA234740BAD4776
112	24204	00DD5EC8DFD2B6AF405C2AEBCE157E147D63EFD4701703A38BA25E5F4AF2C628
113	25929	CBABAC4666AC918DBF10DE3641F52F005BB976A13ACEBE7FE7EBF1C3283A11E0
114	26369	D20A27F3C37E72752F8CE36446389CABF8D40555F3ED1CBEEC13D233CA5B6D49
115	27525	733321D7E96A3D32D6E502B245730003A7C52D6D69E9777C069EAF065BF32D67
116	28884	2ECC521FB65926CBDCC94061C79093BE13A8C7B7126B18A687571937F0E1369A
117	30609	0C94D9B851365EC850BE4D5B3A536C9DD636756726EFF97DB1E0A593C97C1BA8
118	31049	0DACD5448435DB76C62378F46B52AB2223C686D098FA7FBCA6D33AC1E19AEC28
119	32205	625FA8989340D0AE0358A2CCA22408851ABFB065DA91489034D3FF13F319EA71
120	33564	4E3BDE10AFB3200B24D1C03DD1F77257037D3C0C43BBB0FF6E6FD5C6BCED5DBF
121	35289	89C1C3BC5BEB4EC722B9F24B4912DCDAACC5AD877077E84B9A2344F76852D9A5
122	35729	CB946B3C16A39C5AA292FA44C913683848BE7BF0914F6988FDF018EFFD87F76A
123	38244	36A7772F5297AD8213C7AD5756FD6B39B614BC676DA5814C5AB3D33F2570B160
124	39969	79A2587D0DFD7F1CED49134E6B625EFB060A24DC01BB6446DF20A545EA3224F8
125	40409	0F08A415198F403C4B36CA60170A9A58F438B91627AA191B01FAB9D2B53B0C40
126	45203	B1D7FED36045AE53294F3E5F18F831BDA047B6986C984132912A64D64F75C937
127	48109	BB32B520E3FA93E17A4C49417A4DBCF5090190DBDB98857EBEC643EEA7E26BFB
128	48157	DC8B70A12E31734B3DB52F296BE4C68D077105C1ABF17C06F4E7B47BF491B518
129	55403	16B2FC4CAA70BE8B26503E77387289DD7417FD983882EED80CABE571F56BFCE2
130	58359	96285AE2D570B44721CC1C4F664C22E4740E03A3A6728EFF9D27171A4EAAAFF6
131	58935	BCA74C5821C94339246254877563332C9428FE469E2DF59546C04D6AB50FC480
132	65127	6262517FCA0036B8064890839C07E978966D758BCE3E1248868E6E6982A95083
133	65603	8C5B46B0223874A1C47AA3B8308093F0B9236662AD59DF64E26CFE8F941FB276
134	74588	B9CCE8ED9E6A330F86A813422D22D3A3D9594DB18E4658AE96E0FB0EA638C514
135	75803	E3A4730F8AED2BA8261AE6792F533E347810CE1E13B0C935E922E8FBF29B0993
136	78709	6F3B2309E618351334CF65FA1FE1BFCBE25C811240DC2881D9867FA7372AD05F
137	78757	3C7958F7A43B35838B4CF35ADC866F22598E547D1E3048CEA16A6BF894A7ABD7
138	84788	74CBEE1967855B2F9A992F7C1769E1A4FD2C256C1076DFE7D18A704FB0709A8E
139	85211	CD63F7441A4F774739B194FA0874E8F205D9AE5187B522E5EBACFB5D0715FAE5
140	85231	74F5EF40266620A71D0C2065A75168664E9B688B6EACF57F9C191614E7DE8EA8
141	85527	67B3950FA7852900523E10BA26FAE32B85A5275C842AB29CD5B485C3E3F4C2FF
142	86003	37430E06E903F6FB70A3A8500CC178E9EEA1D237E5DB7B9138A8AC7A263089B6
143	89327	FC1BA5BFDA704DE87C033C6CF002B0115550A53503DC64AACA453E907C4EEE8B
144	94143	9A40224B36084E14A60820D818FFEB9416E20F4E8AE416C93688CF41D1E3C3A1
145	95727	56E09E7E99CC1144408685C79CF8B4E5E54A1861580F8E254E43D520EBF0F619
146	96203	9E9A6906EA176E7FBADFF771F2353C98CA0F75B930EB00245BEDF89A7DE46D43
147	97665	E74D2B00C6D33E6A00631042B16B769A08216EC32A6A37EBCAD15D6639E693E5
148	99943	5EA85956BCA6BD3EBF9573E2E09FE92CE7DDE52758256CD780FBD1A7763F3F67
149	103274	5D4B376FE7D918245CC646E9C6641B8E98D4CFABF32E192FC4D0F2BB77D31ED7
150	104709	C5481AB259AD974A8944A0DEDF1516364F93A69B0A57799109B513CC96C3FF61
151	104755	0FC264A6A653C1C620DA7F32F89873263B9A63541792CB4EF2C18152BDD5C161
152	105311	ABB2E012EFC031FA071FFBA3560F8892CEFB45C144CBE76CAAE66F9A77D3112A
153	105753	2E0327C520DB40CD353208293E5DB643C2F9F4829FC9F09E0E639906BDD3D36B
154	107954	49C3F991B1392A047BC7AEF2688133E71F0C285FD32A3BC881533ECF2C2DCB92
155	109389	5630FB46C8CF61D246CB4B226649C8F384DAC5FE33065A37BDC7DA29C83D2BBE
156	109435	EC39C5A7E6EF28A27AFB7F967314CF7010581612EE3D588DEBD2A0C929637E4F
157	109991	9F21BA57452DA1BF87128BBA673A9CE7DE047EC5CE7521563D6CA3CDA75358D8
158	110433	1B643720E2A08E4E3DC5C0200D4C22B8D14ACCC7668FC90C2FA9EE402C220735
159	112634	5181A35957BC3E45B80272F4E69D777A85E706C32251B40164F36F9C615F1CBE
160	114069	77062A7404B331EDAFA829026CD5EBE86B477D2D4DCB80A877F0937A1E690A9D
161	114671	A3E35ABB11023057D283EB56A51527CDF8CFC6DB5F268264B67FDEBC8E78D60E
162	115113	24C10A1EE9A6C547EBECA676FB1E1B16729AD9DF4DC3E4B607ECE8E58ACD313B
163	117314	C6CA59631C96C5FF761E65EBAA6C50EBC327319FC66BA8F027C5A77346FDB72B
164	118749	4A62E66545D4B95C715EBF7632E74AF421BDB92446B014C1183CF938DEFDE4F5
165	118795	E8BF38BA64B56C6921319F072E628CB9C17B95695DC02F138AAD6198DE90E37C
166	119351	A31E34CDF57EC7014C65D0AF63A4162EC924D20CA3C0BC1499D6FDE444F0D21B
167	119793	78CC8496DB52F36DA13164FB8AF0E14134F148F088875B706C681B1F81ABB61A
168	127913	DB7D0AD7FF48484C0B26347804E50EB56E860B99D637261CD94867F776E682F6
169	143562	70BBAB07B564E88492B8C6A2B7A5E060C43227B9BFC1C495E86B86D10A6B8FE6
170	147331	ADAB0F16A6ED5A04790D385827370D3B7571B2BFC078F7B11DD7AB197FC45737
171	154206	14C42A13898A1C6CD7A86C28C6C0DFD814B951B6C9A3301212A1CC4E13348990
172	155244	AE548E291FFE661A040E3BB200F65583C808CE4A36E8ABE8466238645F20276B
173	160690	C75CEAE56D853F3098AA29986A0255609C7D50E7F02F953ECFADEB9865BBEB1C
174	161177	457DB33794E24A1417037FE933B26594E1653306DC8A7A6A07E6DD330EDCE88B
175	164406	993BEED54F028A41E85279FF163F5B55247174D00977863E0642E759544340AC
176	165148	2857869364855C1D28F5678EBC9D19C1604EB9B5B956EF5E2ADCF4E6C84C502F
177	168713	2B44EE9AB34583366DF1B082847C839DC8E1863A56F25F30AE8A35AE84B54353
178	170325	FA8F5095F4915C5CADE4C12FDEB19A6A307F2BE594FDAF4E98B571EB3159867B
179	174606	A6DCC02B826997BB0043B1F4079F544B3EE313635CFF87055DF0B026F62E1C3E
180	177249	2D0159AB1E786D36B4E9E10F7980BF59ED94786D69B81C91CE0F5601535FE3DF
181	188700	EBDB10B9ABB4CD02EA041B1D3F42471E3CB589787F97C4FFA8ABF58F96D41360
182	198900	06C9B872E4ACB54BE68CB9FBA8B9FA4FADC697B0C1566FFCEB5B6F371D1381BD
183	219300	F7E6819510DC007C3FBC1F5A4A7924C05DE43CD8224C2FDE0813610C703DCF19
184	226939	2A5171794FC9B92D852C1E68A56443843B45BDD9AF61A40085AAAE57B0107903
185	230862	059E826E073C5055E31A954D93DF49A1894E773AC9D05BB911E4A194676C8856
186	233219	9B5836FDBB757E13DAD83863F2AB09D2C804688A203B55DD425190B7887BE8C4
187	254843	0C88C300E32AE771A623BBA65BA0FAFCB47282F608874B601B17D8C917D9424E
188	266783	2863889A804E1F6C48F6C96D55C56D0BC5BF607082F8B1821F5388921EB79A4B
189	296087	1A5AB112EA607C462EA02BE741649C596848CF6BEE6AEA11D8F4BF508319E284
190	307724	A0A811BFB784DA859583D1814C516968FD20626B4FB4E09C6321E59C291FA474
191	308245	BAB66C3C0BEA2911D57FE7F10AF6F37630FA756E67CE6AE316A5778BEF8AAC38
192	308421	3C457A7EA30E9279057F0E477A7DFBA630A21F62CC94549059E825915A2DDE88
193	312404	219064EAAA3825338251ADB61BB61FA5925DA09C4D75E9064139A71B456860DD
194	312461	C2BEADE26D928B676D46CC81BE4A4549857AC150A2A89DC4B9AC216D063B4F0E
195	312925	2B9353CD1EB50947C58F5A5C13F20353784F92EF73DA78242FA0671DDC4B835F
196	313101	0E020DCB4CD8334E23CEF39D84F65CC0CA4B48388663BB23FA7F0BCA0A69E4F9
197	317084	1F4E0439AFA85CA1E4FB52CF4E86B9E035ADAAF98E42899EE829AA759E544956
198	317141	CF3E3175768DA9E4CC48388B574F40CD95CCA95739B516E4D4222100BDAD7BA4
199	317605	A7C5D486EDFD6A0B1F6D3B9C0C364B890F90C276A7B76DFE8BCD8CEDABF6B9EE
200	317781	689D17D6B9858A6143A7E0922B97BE271FDB9EC6FA245F155950FFB1D86C5223
201	321094	F2B8E3430262BFF86F8B158468573CFF80AD11E5B569A61D64A487C960306D34
202	321764	8AF1A3A694F4096F7D50B82E538E2FA321AD1AE212E139D3BBB6680FF8D6ECC4
203	321821	15F516B470BF5725F909F66ACC1F66CB2C5EBA976D59F204E96CA10C129CE52A
204	322285	79A001DD73D58D15D56B6FDAF5204659CC6710055FC0F603504CF19852BBAF82
205	322461	123A6516B9C1F3DABBE631DF6FF7D6F1D40021503925987A45897FE72C650418
206	327955	39396AF4E8D1D912F6F6C006A2CDDD5AFCEA10CB8B0DE5CA44C92B8FEF8B1563
207	339489	0DE77A9CB3EEA635589F1E8EFBFD4A39C7876E074B93BE7711CD524B44769377
208	351036	2D0BE2A6696BC788F84ECFAB292005F612316497370FBFE2232E4CB5FE7E151A
209	360247	A03D9A94D10E150B9942C4FF300CFE21C1E68BA62018F2C87C890790B616305F
210	361236	837BED462C67C28E209453217775934386782CEAE8D54877E3E6809F8E12CFC2
211	371436	CAE2EA31078F4B92F6850AD13CB98883EEF7C0940E2F0CEF2F5957A8270973FF
212	380046	6162FA4CA305CCFC7E23FE9AD24003A4D26EA0775341FD3F9E0C97C226E868BF
213	392149	0E4BD1793EC0572B74CCFA4C260D49CF83F9DEB9EB0CFDA76FAAAA68A235BCB8
214	398044	845E212AB9504DE2F13D9BF3C51B9837B2EE9DE4FA38E4CB9B9731CB676A6624
215	409280	085BCE32A55D4FEB715BDFF6281590DAF4526EEE6445C381CBCE835315CC39E4
216	418444	BFEABE42540DD4F270D5F43AAC5089E6F487FFCC5DF3F814D1B4ABC5F81F42A3
217	427220	E770538C8FFDE71605DE5EEFC0EFB68012A5262705D868B7E347D31B7220D284
218	428644	E115764AE9202D8BF940BE1E73BD51066C30AF4B2981343E4C2AEB8BA878A6BD
219	429364	66463684A2BB4F9E6E1701FC37B96F7E5E533658D81C81255593F1A747459928
220	430927	EEFA00A38259241F0BF45A351AA04C02AAD4EAB815B62489E63418084EB7B54D
221	432949	C5CB08B6ED25E497DF3ADB8ADC8AE8C5F3285054082DD3521EA48F5D365B3C70
222	433260	FA91D1DB46559233C0F0FDD6D4D2A879B0855132B894725A1C0D22424EB97455
223	433353	095787CE62E17D5B2A89625B4F5FF303CE2CE3BF12EC1A4759D16394CF781832
224	438534	2B7075AE30B306AB6084FD8D0258D79932BC7703D70EC13D69358E187DA8825C
225	440483	53416B00AB639C19223749E937226D3B19443DF0A095A98F4266A3724F277D4B
226	441127	D93C0D6B205862EBEFA392B85A1A4B0A8E6F8009828573CB83F98B1FD798BD90
227	443197	010DD629A33425AFC77B688AF617FF990B82173A8E8A2F087773EC3B786D3193
228	455229	2D00A724BD9B36F3D813A18F809FEA0A98C9F1E0D0466C82BD06E7C9F85EAF48
229	470730	C632325485B0B720594C656EBF418225BD7D6484EF68D1B176A7C183E7243391
230	500351	4065CE9AC2B88F725BFB6D5A29F1018DDD3D9CBF3D34671A09505DA1BEF1FB7B
231	501375	87DD3E4619D9ED12F5A6BEB8911F88D83729BEC7925B1E260F160D0ACD7F0361
232	513813	2DE5D2D69761E23855580DD4AA11B72B848632B24CCE43D00E0FFC2EFF150EE5
233	534213	BB3810313A78680C079E216A3840E862FB89D62FBA1BBE314BE7A0D57B142FFC
234	534421	802B4C40A9A7E346B6C5AAA772C2671DFF33484C926C2A4AEFD96776A1854611
235	544621	2ED254D30186EC079516316F6D32FED03BE7117541DC30D8B666D561FA12410C
236	564813	7D4766378B7161AC6A3C51C55B64AEF10CA3FC287FF91A70B8743EA53105611E
237	572705	BDD519D3E55CC740C9B693589B93B3CD8CC66C2F7B1383318C767522F43A2E35
238	576447	FA68C491AB78DAD5F94B5C3C365421F36E20C259A5AF16EA14A0B811BA7F9DD1
239	577366	857245D48EA7563C20EFF61587C562F0942A0671782A4F0CDDAD0768DE48C124
240	592846	C9A328E3623E1DD1058D9CC5C2C3E3786A763F717E835640D6BF86DDD6531D9A
241	605302	22E4B81B1F7A4AD02AC4650055475E20DB71DD46F75B25405FC6169DDEC582E0
242	605992	1D9B5B1BE7F4C9D52A3D2A1C210148621D0ADE9665FEE2B57E52C1C37639811E
243	620853	B518CB0B894548071A4032EB8F203019FC8DE72380DD4D98F988DF6A88CF375D
244	621951	F33F0A2564AC02E1840107391CC4CF0F3D3B80CE78698BE70EA7E912CAF93EC5
245	627704	6BF9C6B354B22A13C4E67D35A18F5A545E2935ED819453788F342736332E286B
246	628305	9338A930B4B63B9BB48E9FF6773770B914F756FD53653ED6DD9956ED9A57647C
247	636358	DE98CEBD03C294AE239BFFBAABE4693C60439EB21EDA488817E5E5E992113BD6
248	636697	9D54817BF6CF27B29DA5EAE997DA5BA0E57C6CFE65F5E086011BDE690176E02E
249	650241	93BD60E8EA06BEDD7867BFB1F028CA84453BFD83A1CBB35E5B1C7D0E2EDAA436
250	653806	390CD21CA710F353EE35E9AD67F5139DB143EBFECB1991DFFAD7AA388EE64107
251	667864	2E6F71E28238DA4BC41C1A8ABC714154EC1ADDDD3C0AE2B503D715A636B633CB
252	683863	00344CF21A09D7357EB11BE1C8B59898A10E0B764B5E223984D5D389860E33BF
253	733416	2A3CC852D53D9587A7AF170A19F222DA34380B460171CC1F5444FB4FD8C12FC0
254	743616	1D78C56B25C4FB4026B1831AA03DA4D7D10B12C41E7EDA348A45AC41E5AEF1B0
255	757235	549250426AECA41E1273D9BE4756B3A1A0F2736289F00A35F0F40FF79F0DD39E
256	763755	54DB315D5DE99C059A4D05759197B8184AEB01E2B920299BF45D0D797924E922
257	764016	35E68FEEF9E5A32BC49B769F80B3C4F4DC8C0CFDAC24835EF313CDB453176B1A
258	772800	21FDC24D7F1A8EE345953B5B9D563764AC8016AC3B42B527F08AE10B20405E85
259	784416	2BFAD7A873809CB6BC666D6BA6EA64024DE1959566B46CC147215BE3C9158C82
260	784483	B3744629BA489ED106E4624B99481F644B0C67A7409125453CD1C6DEEEF9C75E
261	786657	91663B9A03BBC1BEEDD1D30A3D854A353177F76A42FE83155F6756D9F0753A0D
262	833612	6375EF86398BF162F24D3AA5AA900BC67EA48FDAC25C2AC4B51A5A3F9732530D
263	837440	6BEFC1C3581D2AD2CBB16A6DD0D2051A2153C3853D2214951D5CEB0428E7B5B7
264	851440	B2C77EE83D8A903272680622F0359FCDD5378AAAA3A913B44E5E3D0CDC414DA6
265	896461	2FA3A8FD0D1D17C72BD7CB13BD98D814FB220A62FE15B0743714D654975E54C5
266	896967	7AD680AC9A6238D1251CEF15B7029C4308ACADE5A4B35294E08C4B01512AFAC2
267	896968	415A98C8FF810C11A9DD7B42E048AED19C558D72005166BBAD0E34E94313F67B
268	897879	766DC6FC179BBABDAEBA5578F9E28CA32A595F21A929CB341B666A097495518B
269	898132	248B747907A05FE87C637A77E067CFF1795B753988B5465C0B4154C543888F54
270	898133	2A1F24325CFBF421A0BB3EF47761A684F19E6E82533E520BD691B92EA93BA3E5
271	914721	C7EDC7974679632244D9DE7EB71D4DC4CC05E9EEF52BB171239A1F8F24B43A2C
272	915042	66985AA70F750176B1784D4E1121DE36782AABA7C9DA42201DA818734D9C2AE5
273	917575	4699459E6F29D7762CC25C58FD4036C117130B53E7D85F649CB8E42E490CA34D
274	918470	A92873DFB9131FB574CEC0829391DCB905B3C2FABE7AF557030A9C37337AD1B7
275	919990	715B94857D9966EB0B0B3CC2BD4BA0F42A2B79ABD1A69317645D655369BC94C4
276	924921	9CA7B1C03C77867F0CEC12A064CF31962A58E84AEF037F057533AC0467459192
277	925242	617F43FAE3FF380EEFB88AEA102A62E4C5898E240862D17CA1AAE05A67754D4F
278	937674	8FD46EB0205A048B4E8E91A7F2BE0B357483A53E8664C59122A620176C82B481
279	937975	85BBC4749F87809541FAFC5F7AC41A71A930FD9601AD472703E04C73756456D8
280	940138	559C91EABC969FE780101940481E2ACCF82182B0E59CC57C718C8939A6D6D1C9
281	945858	B0D17C4363804F66821E780EAA596D734F1031F6E1FB7FB05AEE44759875C978
282	948175	5CEFC44FA6DD03DCA97AB6B2BD79C09D5FAB5BB8063A9AE29B80BF38718D1044
283	949256	9509C60840F53642669E070570BD46F18626C66FABB1A3E3D3E14F8EA17261A1
284	950032	071299053C67C6FDFE2D80E758C6EB992C671067EAA98FC4539A88E653382C95
285	955386	F99FF2BB045A18BF3444270032F0FAD37DB2221E1C10DB6B705886E2088CB7C0
286	958375	A9C4C319011742DE572C4D4F326BCA05B83F239046248B17AACF5A63D340270B
287	960344	890F441EFB6765F38389E4300A69E3DF6512AC91DC0A81A39AB355E78593BCA4
288	960538	D51F86D04B13D86859EEE365C1FEEA5BC17558319B1EDC1D21F49BFC43970BAD
289	961528	2F081C9B805891CFF33348A035095BB3370F2BA5A95AE9EF4AD91859A313F735
290	967952	1CD634C0E0EE92B72962AF903B96F8BE30B2867EB776A1F4A1B51053D4A3EE9D
291	968274	A4BF96E0CFF45D12A3794BC6673928FA29838F999637BD88159170A7DA3D46A7
292	977870	FB3110C17567904F6F3DEF6CF657A6A6A4C468023830842DC57120EF13972E51
293	993668	446CFA26847F18B6C3143D0B97F8768FBC130C85FEAC724ACED505DB4DE8A462
294	1022585	14EAF65EEDAADE69EEE6BAA1770394D67390B2D82FE1ACB94CDA38155D4BBB65
295	1022969	C665C1D5935051132B88B8B0B539E865765215405C88C121AFB1432BF9672EB9
296	1031864	27CE95B173996053070E981735E477B0B404B5360D8AF03CB451A7B98F20599D
297	1119335	E904E396EA49040E2C1798BAC3C9C4CC3D7CF29E827066B63EF4FF6F8DBA472F
298	1119628	5C40BB9EAAEB390FC932BE34F56E9501B1FF14684D2036E1D4DEE601C8F7A940
299	1129828	4941F13C612266E02A4941215D08DDF7A47792C80510825D09617A9600F42A49
300	1138289	29D702D6BA2225FF4BD1EADCEF58D701F2954EB779AD7267299D3E969201DA8F
301	1145736	AE2A5DD67BBDFD856339B605ADDD6095998B4B357033E88278ED879CD8541E04
302	1148489	D8689B04C5F344F23D39153A1578BCE2F0DE3B8847A314036CA7E4F74527840F
303	1149281	0BE348D2814C3E638DAED4565DE1CD19CA51FB3044DDAB2A21AE5FDC22954E9A
304	1150228	17A49BA553F3DD6743008569A79054081E622C61BACA25BA4261CF40A49D79CA
305	1155936	44D28C7A23D6D1E3EAC15CED53A50761EAA314BF632DA5047923A78FFC9DDD73
306	1156122	5D193CA070F49AA8FB66C7288C11C66DE3BAA038ADBAE6F27EADBE7E9EB7DB9B
307	1156608	23649B58C0AC2A667DF6F108FB3E29FDF2B5F7291CDC55462F5048EE2C3377CA
308	1156769	DF1CB0BF4AA2E762C030C2E961F1F27CEF732A488E89ED052233951BF11BB6A0
309	1158612	06E3AAFB1229F5E41AF94E1F7D61D9A0CFDF0F40B5ADC38E408B326298EF71EE
310	1158689	7255B6A5E9BD971D8B04E03F5D0EBD93BA0C56ECAB941B15240B76D0087849E4
311	1168812	940F23DAA524747CA01ABC8D4D8D1AEC260FB3130FFB625D66EFD9F4679F3DB2
312	1170786	8EE620F67A69646A36426161369A90A5538BF4439606D666401C86FC350BCBE0
313	1207998	7AD73EE7EFCE77257AC8393CCFD4AFB4FA77D22B8E4717A8AA2ECA6204538D5A
314	1240611	6D74414A141510B801D8C0860861DA572E2C1117A76020114488368CF576FB15
315	1271372	865586644920BFD5D40FBDB8A7BDA7D579A14FFF1E28BBABDD7DA4D912DDFC65
316	1271471	7E4BD60C0B79A4C666F1A40CA3B8C68CED2D86F71E911DBF5947BD321C034004
317	1274930	FA35B5D80734E216E05577BDB875EE583BA0B79B823A8F49C110E77E83843AB4
318	1294192	1223E0578D5133553B3C0CA25A23ADC676352805E27B26C5B79C16C8D54E0BE6
319	1320865	EC4D9669DE37CF56AD1B5F8AEF6F6857E558A58F6CC35398DB4188E3E6B9C713
320	1321768	CF9AF0FC84138042C6B9F57D035C5F08FE8F0E98DE5F2EA9EA824E011EC5BE42
321	1335910	E2B970F1BDEC3DDD0354B393EC17BEAF7746356914D1F5EC421E42483AE3EDF7
322	1336345	A0212087279507D011E10A8DE2FBEE8C1301B4C76B53A377949FA57ABD993B6F
323	1368208	7D0C309BE5694ECE87BA92495F52FC6E7BC2778EBC273233B31F36AA7A5237DA
324	1372317	23C5A05CB779494369DF1550F2EE46C3FE49F9DC15716F39ADB75D1F5D8F276B
325	1407172	5708411D07CD790CB577B8BEEACA3A9D6F90CEF5B34F6297EAC67F0F4E38DB91
326	1411852	420063D7759033D22AE1D108BCC05CA0D711FAA159C5D154AF5954B287702429
327	1416532	D6353C592AAD301462A0135BEAC89C205281669E87C857ED90C4ACADD8D8B8FA
328	1421212	C1B0734209EF8885C975BCF13AA950A08BF174F1CCEB985554577BE1C8EFDF05
329	1460977	4EB89459EFF42D97153F9B4E6CB78C2ADBCD5E1152602747A08000F09388ABE5
330	1463110	EB4F72A79EFC13520C5D5B892FAAAFFE8AF01F32B7D861338A64B3F66C4797ED
331	1463131	B706C5DF4730C13B17BBBE958ECF855B94D24DFD8542AF594880DFAAEDC4E40F
332	1486945	B29FD7742DE20923AD03EFA7699EB92ECCDFCD9242A02948DD05602F41140486
333	1489904	321A14DF360AC54672954452A21A3D53D405F4DD01AE2DA5EC63A9585FD6AA3E
334	1492340	1FF99A804EC3C0000A0EECC358FE7EB6EAE9E4B4D81C794FCE0B9D18D97B49AA
335	1502540	5B3E01AAE5C11062ED202F8D9B487AC9AB10AF78F4D654F56B2543D8A6161B71
336	1516823	4ECD65585A8F1577F56EFE79FB60C4F118F701F71030EABE17515D851A9D612E
337	1517254	96868D4E076C5D722E1CC7C069066DB17B0EEB943CA01E1C8F377FB17DBD7700
338	1517545	A4D0B6B20D2EDE91883AB5EB31B1F0A58BEAB7DDB3B52F045C90E9FB933674EB
339	1518791	AB0990C26524DDB9B26ECF355163A513C94DEA2E0D5EEC3F8F8444E421A2AFD9
340	1520072	25C3484561A92CE354D03B9FD2CDB7D07329C434962E2834F80BF38D84665F88
341	1521537	44C443DD512D6A219B3FF888C900C3AEF3596C6A05CE07991EE1F3029CDB16CF
342	1522940	C2720A990CABE0B55BBFBEC24463C10BE1296FB50173BB0249F6989C07633D31
343	1524498	D636F90CE7DD82056F0EDCFB1BD19D470F770BDB28171149D576FCC8731FD168
344	1525816	1640E3725FB15854E0183C459AB9ADA37A6B57E882068FC371127A018A1028D1
345	1527745	A838FCE23D28A056AD0EEAC57F1613298408AE4DB055D87A47C028D61877DC6F
346	1530704	ADCAE871938FF9DF908DCCB7B738C18D40375FAE464697D82D1EF5ADF911FBED
347	1532204	58B612E6B23AE10F67B1BE6F83AB8523648949072E279648C29238117C150103
348	1533140	75AAA59642CAA2C3530685D0FE90D319BAB5E872E2321959C70513789302FBFE
349	1534698	7E09A125BBCCD8C8E36E50B235BC0BB27550E143C19972F1BEADDBD5B5CAAAAD
350	1536016	C8CCC9739471DD7861A60F73DA6FCD9A245825D7F481751E1F98D1C023F8B8AB
351	1540099	5A4D7DC5E31093084A4D9C0354896333990A145501AC2F45FECF3A3A9B767018
352	1540164	B3D1150E55E84BFF770F1D28261481A1EC33F6F77D8725C2E249EE3D6180CF19
353	1542144	4C4AE454610EF546AB2A7E665FE51FEBDF22F4DCCEC847295DA793C3A51A372E
354	1542622	CDA9E8DDF2B0664CCB3F9187ED5200A1B78872F9EA96ACDF521384E2DCD9CCEE
355	1544898	A61031D247AC96720566FAD058E927C1F40D072FE36FA2B6234C6F619BBFA548
356	1545568	9693196152FE216CF27176477CEFF929BD077A59B15A1DC137C8BDF53650237A
357	1546216	CE651C939FCE836EDE724226841B4B37782721CAB29F30BA95705601B19CC204
358	1557890	81C70E08C048C1E17FD355AADE064A6D4C609E0016D9B6F88F3E79A11817F343
359	1568622	B15CD5DF2799B67CFA51212029C7C81C0CA32578B661CD6BBF06E55358894372
360	1570388	44A5961238B640C7611B734D3303681EFC131C3DD18BA7D884C0C1B5A37BC56F
361	1585868	F0911AAAACF43EA48E8B3BAC697057F4D5523FB72B89A2809CA646B9B0FD764D
362	1586876	6352FC3CCC0FB5FB89ED9EB6B4E9EED7BCB63B88E7BAC432F0B25D698E37FD45
363	1598862	DDFE3978D289D31C6F748E779641E3BC9F65D473081BD44ADEE0200968FC6D39
364	1598880	3F00CEFAFAF02F46D6D38706D8AE381193C6131E85EF734B9B4F4F26EEB539DE
365	1609666	ADB7032CDAF2099D11554BCE8D2B862DAAF30724E5C2658B9CB66D140E04158D
366	1614604	0548AC3F1ABEB297E184ED90FC17ECEA801FF3BAC4F4F15DEC3A6F615A0432DA
367	1621158	CA373325F569C279D67F596703743B68FEE687E4A5AC48F1BBC3C249B75DB299
368	1623806	FBDF5661F48707FDCDF541D556EF33A0B4D3F07E09B8EA20D16765602A0221C2
369	1624593	7BE3D0AC7954A505BBE9AFBC066A9E44991A20B958C7D0C088FF8EBBFC19C7AF
370	1639752	936DAFDA8747464E6828E5CBCDA68E581454EC16EDFF6C7D40221E682B0414F2
371	1641742	2C420605FAF02CE4C968FD9151ABCC8FBC634DEFF5F0E092719E8AB71DE26BC6
372	1643334	ADBCAD89390C001A54170E8348B7D6254B026E741620FBD65A75D78DA93D87FC
373	1655837	A02DC46675A5A36132602FD28E686E08C620365070AB883FAF49A96D894A0E05
374	1660148	DE1DEC6C406B577A5494848597F835BD0609F3E90CAE70D35292D0008E637CFF
375	1661958	AC6839438F6031DE34C7B8C8745A218B4BCFBBADEC3168585A2D68F564B63594
376	1664214	31969D5D61129CC7E82EA8151B5A066B99154F274C651F5FE33B92974408FE88
377	1674992	4CC9BB84A14D8BE62B61CAAC1DDD262F208E1227D88FDCB0AF9DBDE875CBB084
378	1678280	F2A6B3ED301AE333B4A9B02AA04DBFD9B705BAD41BF4ADA0E4CBAE1E5D38B75F
379	1686144	1F31F2C45A2FBA996C62311558DD6DBFCAFD6277083CAD4B68657DE525ED3C14
380	1690908	BB083C52D06B894C0F65B34098E584111AAE17732CB53D330DFD6BEF79CA48E2
381	1722851	A47693D95D542B38E91AF702728B95A805FC69377C51EE14DB543AB9BDBC4312
382	1769308	8398D0F086598560C138FD6FCD4673734E341DD82D9E317DC9D6430825033B52
383	1784788	E0D59E82F0B2A8BE8B0C711DBC3437FF2452F15B0401F439A8AE4A593E1F88CB
384	1810967	311D0EE8E10C5FEBB0196F3D7E8A3E4A0949F6CB35F3CE913A4A453F7B7830E8
385	1812188	C497B8E83B2C6E3DDE75B385DA435D986125A5387F05B2ABCC9702BDEFB6A124
386	1815994	7798A89A978C592E86B9756B6FDEB9D66C03030A049BA3EA29110267CEDE27EF
387	1826194	0ED13DBB2C4E75DDF0495975CD5C41084915C0839C98C2A105396AB381061B6D
388	1831367	AECB51AA6C2BFF111059C12DA18C0F722D770988CFC81CCF7DA732FF161B1267
389	1839937	97A5655F317F8D50B7745DD247A3F18E8BB4A97A19AA806DB251BB52DBF7FDFA
390	1841961	97C5BB10D538BE084DB896DC1E85935BFBA4474317CE748F7212916E81D4937D
391	1851767	479CCE104BE9040D33B68828ADB57197F4D4B14EF18CFA600C6D8B5C7BB8D0D9
392	1854286	76E17F558DE534BA2DF8800FE201A35E6656616DA2CA6762A15AB50BFB13495B
393	1860337	BC6B9174357EA8B7FBD3935E6F7F1E5A0A25310CA27C4D53343A999E5448F0B8
394	1860547	8CF06FCE8DA25C503EBDE9975E81D6526A53A54A902973AEFC613B9B80D39214
395	1865807	E0263F59071EF4D89BFF03F8859114B0DD250FC7164025D0A216EF04EBABE6CD
396	1883930	6286A731952D997253949AE60FB72C0C883B56849092B1C71B747486B84F78A5
397	1947466	C6B3AE950CBE8B1FA749D8C4B52C9B068589CD40F7801FECBC0C01C6BF137E75
398	1981073	722905B96C9FE39C49C774EAD35A0F7D76A7FCC278381BFD4E4624921144E384
399	2033305	6A70DA7C90103B54DD7DEB1D0FDC92B90CD340053BA1FAA4B6DF832B320A0205
400	2046367	ED5DDB3568CB0D1EA410D10CD1A4625F07B7AF5DDADC5CA68754553F70F768C3
401	2072660	B4662F51D3C0E565B3481F5C747CDC6CDB213DB5DECD490363431E7FFFB35800
402	2074105	9566A8E778F6A4371270556EAE99FC0D8302A8F854F226875CDB9DB10F053829
403	2106123	33D763D5458A8DBB80024B606D6B1DB4D0A19BE61BD0545C808D9D9AF345A1F7
404	2116140	D48C74905D27A8FE69976E26E2BB7E9074F9B7682A87DF92C956C1F41B985B9B
405	2121402	947F723119052F3CA252B68C5086367961A142CE58547C0DAF30F80A0347EA95
406	2136768	AEF0E15FFB565ECFFB6FB8E49559DFE48FAD1B6EB0E7531FBBEBF2FB599672AB
407	2141553	FA0B38337E8801260401704A2F37E1A7B089962CF7BEA846570071978E62092C
408	2141802	3D1F50F8188EF0F722AD38A185CB9276DDBAA7B8F3554488BC2AC21D4F77A78C
409	2142930	72FF55CF98352A0DBC439214A75A620F760B04ABDE26119CA2FDE8BE6A3B6500
410	2145418	C3156D39D34A707A32689E7ECD6C7C2EBEE18E32B493AD28144F0B2C6BD20B9F
411	2146296	891BE0607A6F22CFA6E3267C0AA25C50BDC1FB2771EC3F7D21B6646EBE08F5B7
412	2146923	CE0CFEB602C5B3195323A9FB812D68B580D14910BD7177315BBFE883BF334F6C
413	2150807	AA06924E337F383E01BA3EC01E8512EA12071C922B2EFB95381731BB8B55A36A
414	2152002	5E5DC79CF2A5CE024773245BFD7AE840166970DCBF68DEE441894D9623A2DA87
415	2153130	C9D15778EBDCF9D77F9EEF1F96ECB92DD009B76EE81455EEE3D5B413A0CA349D
416	2153730	C4873DA9D78500E25B540422AC17AED2342F70F22BB39C26293587674B9DBF95
417	2162202	B41A232BE45B640671025472F02CE448EDCD60D9D3F757764B47D05F3CD2B3C3
418	2163330	C8B8BFBF7BF9E09F13E6F142A88111B3DF8A85A33AFCFC4AA8518ACA1AF447A7
419	2269920	590210BF4A3B801221BC65AD1D65775963175DAFDB63E9E6F093EFDC800241E2
420	2282980	BF52B4F2617F9E89F6EF25DDCFC3B5FEFAA1A0DDEE802FB6567B0925DC4FA9C1
421	2287142	06FEE86425A8A75C5B548616A5C56A5D7F831145B58C1A53733FDE636FC02AE7
422	2304256	25E8C0760B4F2A06268D23A26AEABB80A39EBC5A2EFCBC8DE30200A56E0D03C3
423	2311161	B167837911A99337084F013CA96CEB4C8A9E43D61D6B3B05AD1703645C83FCC6
424	2352168	589E3E10F90604599B5CC45758A4AAB6E7B8DA5BCA67B7BF872793AC41512223
425	2354019	859CD01879E78C743EF496F5F02EE7F4308B718933D77F0EC7DB9679A2AC3300
426	2396496	2D8B9822B858BFC55D9D218676C63F667E3E85B110975ACB901B695BCDD21F7E
427	2396660	D769AA2A589A285DD8659311FE0CF3F0E68C1835DEA104F292041020787EED7C
428	2419122	FDC18606752CB3C719FB0EB694DF547688DC3FF6C6603995BB2BAEB1619312C5
429	2433506	66095469E060A8DA5C8B140C9CCC9266E0E96CC360029DDD4BCA89DC22A6529E
430	2433783	9E5104A36E9DB86FFE5CF935CCB943F514F6C22475FB8955B385BCC462800492
431	2435535	CC073E3259FE4844FB450842E01A0B5C8FEFFD11BC0FAEB5110145A19C60ECE2
432	2446113	5D5B5386039F0A056656AF2DBB0BB756E76DAA2467E015222B26388936DD67F0
433	2446115	1EF17D0E03FD76CE90E651ED033147DACC347FDD76F7417697AEBA9E0A11AFEE
434	2448986	B457DDC8223380D065BC1C52735931F12634EA3443C4EFC5467FB5E1D4BC3EAF
435	2510963	D9B9364ACC44C070A65DDCEDBE66D4E24905675D9917B3E6FD4115210167064F
436	2515643	F6A791D51B259F047B179912990737384734F983D85CE47A6FCF1509AA54AF34
437	2520323	D31434CAE23CE1EBA108BF9FF83F363B6F9BCC413B74520CF3797F09DBD9D816
438	2524849	E71B212B605E64EBCC0F6DBAD40A59921F62280B8B748FF8D7B8AB3AC3AF2EF6
439	2529872	71351939B41D679DA1563AEA24F66ECCBB8E38D712F4E8D14D91A07E4F8583D1
440	2535049	88282CDDD1CAD1B389685462BD82068BBC19CAF6848C937E68A0465261313660
441	2540072	1B3F3C88CA5999858D21B98EEF146316C9DD089FB8A756D5EBAA3871F5DB6BAB
442	2554491	EE8A9A0C329A2CC50412193047B196D7CA8C00621A6A81A962272DDECF573D6A
443	2554775	BC2042C43CA2A18CCD26C4C50A59E6CD3250D7BEEA7366D939B08806F84DEB0D
444	2556791	21DB2EAC96A75E845D674257B7D7C5BD7D37A772DCCE55E98E8E07BE638C5528
445	2556859	0AC1F1C161B659ECA021E8FD78D157D95FA7707AC72E8E3A6C096D15CCDD45D2
446	2560472	FB5157B23F3037EEFC6CFA9C4E075FBF2A50858DA44432B956AF46FF2924A381
447	2561634	848EE9C45C2D89A951017602ECA9A25600F5F610A4C3820F6B6E7712E4A6F5F7
448	2563192	6902598C9DDE99D9C7107C6A80CBF6C0E88B9505E63AA45917D66C0D62485535
449	2564975	B40CAD4EE02563913961702C04D3796410A7E63116371DFB99315D537CB98627
450	2568070	5A302211E610918D508C97CEAC3E62D3D7A51DE38432B9EE272C23D8BF4F4616
451	2570672	E53882CBD6C8C839A4EEE66F2BAB09DE2B9FF2116542171B4D3413489BB4F4EA
452	2571834	AE28DFF32EA3F0E40203CBC46D8989497F43CA376A3CC00C91E6FAE6B26D9924
453	2573392	ED5FA26CBA08284F94A9FF58049E9805DA32D03D958761B0ADF8FCEF4DCBA214
454	2576243	E3338707853DCF155BA50DDF7F47620A703C5C3469559035BD26CC67DF612607
455	2577715	A3D9A6C0097620B07CD98501BC2C7B495C3134C6456B550FC536FA550BE16D6C
456	2579683	0B6BACC3D2C0706F6BCEF0EFF15FCE0A06D6B89AD87E681F3B014D3CAB5F5F9A
457	2579986	E08CF05C73319042FA1A5656996A946151A310A6624D7443481C54FC530C282A
458	2582034	55304447614647BC9AF555E4BBE3726EFC058CDCEA1D6DF90C62208A14CBDBFF
459	2583592	7BF390DF50924940DF2B6E01833E302D50BF4CA8B7503D4B16A032BA98A619D2
460	2623416	15D87179F1AEF626A51D67D37A7D3D89DC8937AC8BC38AE5EDF44F682BDFB878
461	2623427	E2B871041F7CF46871C162C947818D8F37E13D773BA0364478880AF9FB187AB6
462	2643816	88E74FF6A42781615CEBAD65F34DA71FBEF1528881E6237299C294F232F11524
463	2644955	9A6355D0190085C7B401BCADC441C577B525AEC68500F73F11D02BCDC063924B
464	2653487	F42D840B5E0CA10469065C6118A93B89E543980305FE9B20275B397D173C92D7
465	2669073	44C80C7CFFEBFC26A68DBDD67382AD0C41926880C508B8C174312E8A0268504F
466	2670082	79B81D2420A5C775A5CA4F63626170FA33AF8167A687768FEE99C641E3019431
467	2685562	028FA20AEDB1F0DE1B6473C5E9B4BD825184CA71F90E39AEFD87567A08E0312F
468	2695805	1BC53FA9167C0EE7471F13B3A436D8C531108B5948CE9AC81E0CF5BE69024D92
469	2699007	C1F00A96A6D070A19998189A01D78E28237CFF938B1DCF5D942DB58A68AA62FE
470	2700033	0C3F5043EB9398963DED49673637CC556025F4245B5E2020D0EB7FE6BCF7D3CC
471	2701042	39E75D3FC0FAF071B0FE8245BABC4C98150C82E7633DAFD2D22D55F13C9E5ECB
472	2703670	CD245FE7FF14670942E53BAFC91B89A9B19D43898729D26C9FD86FBF337C059D
473	2703824	2D0BD6FD2ACF04ADCBC7A45DD33EFFEE5ABF1B51A1104FF419849E55C56F2346
474	2704108	3652A0B28CBFF1A373804A7200FBA565FB0593D2B05E0D77C2050C08907254AE
475	2706485	8905625F46AFA1B19C239AEE5B24D851B768532AEFB9013C5E7BE5E6A22F6FEA
476	2710793	3D33D8CEF92FC296B30D958E0542A761B44B8B60ABFF476532EAB929EBB2767F
477	2718978	CACBF6F8FECF3F189F4906C9F4AE9F47D1DCC3763EB1C4C3C1AEC658F05BA172
478	2724398	066A63120D7E1DEFFF9478F965324CAA394970F849D0E34EC5146D4FA2B2D425
479	2744619	6E12E4FE8D3223E9E09461F5F2DF4BB75B1502E3FE82DDF41795FE4E80045DA1
480	2744798	AAF246B5F553FA50F9A9B82A88090AA8870FE922457597B2AFB1F517C7F3862A
481	2748323	7BC089F8776C9E0B01C046E33476898B16A35E853A79DEF1736F71B33491FE71
482	2750404	E8DEBF5C1880307970635F64014B345734C8D9DCC4D1A6BC798795B9090039B5
483	2754819	C748A5A62C676D644ADFFFDD65E5885F4DAE2A9082E44ACB27BA08A7DD39E342
484	2757953	7A3D621430A976F48526AA3833209A437A0F951AE022CD4D8FC6B21DB7471D08
485	2758737	9416AB1597E9E8F6D236ED039B99B4EFEB64B05F045D103730BDD9FE56396BED
486	2761895	F998983B8045A9E7A7490CB670E7D9917EA33CF27DE1BDDC4D1ED8D1307C8C97
487	2762952	DD4CC79CBB8EAD51D671AD284B21943ED8798AEC82972A20B35C09F83AE09CB9
488	2763695	A6F77C702BD99FB1C856D55069AAB4DCD28028BC92FD154DDFA18F5C729DE112
489	2817170	FAAAEE3CBC7ADDB648058FB914665A6F2C25A8DC95ABC68FDC22CB7DC2EB2261
490	2818306	72D6BFE3FA5737ACF18CF70D0ED1A8B0670214374927D65EC66FCEC26A5B0144
491	2821400	DB848552400958ADF18680BC105D43FE175A0C409671A1A286C9E225017F20F9
492	2822268	7EB5E3C97338996BCB2E40E03BF34B86FB8AF499771A986F17543AB96F823AF0
493	2924061	00296F5629851934715FE6A1F229E2B0D7315C2FFE78F6D22CE893B5609EF756
494	2938939	74F99F7A88402F725C88E68AA6165E8AD662B0E82CA1E6FD0EB7D586685A44A6
495	2940208	C527423F38155D071DBE12F6C126A9B11A6DB2B92CAAC74EA5AD99789F514690
496	2940809	F2C1EBC727B3A9AC9DB1CDA693F0C81DF25179D32E0D1495BE0C6A9C9861FAF4
497	2944013	291A7C26D4AEC47CEC1FD795932C20528EAA1FA42936B68CB8502E2D48E2B6F4
498	2951009	AF3B8BB5EFCFE994F6E1053A243E9ADC92BB035657C5F8B01A834B3701A2EB92
499	2954444	4B1D0E5969EBC458D52E594D9FEB0C30DD3AE255C53DB3D611B94EEEFC501FA5
500	2959334	A098D1382E560BABDFE4B37437FCE34C2438A953E3EDAA05AEE4881D2BE2AF95
501	2961209	1EC0CD74B24D55A98ECEDAA1D6EDD7D56D49AC7625F484923C67E24BF890E044
502	2973958	4BF2C305FFB17A36E09AB52CAEFEDF1264EB368C77AF54264B3E70A1DC104154
503	2978274	19D41388A49177F69C91C11CE48B6FD79EF8C8410F8AB881CA54CA368BC46579
504	2989438	84E79978EDAE524CBC53ED879185212520EC2CAB64B002A6624D47CA85D6D678
505	2992746	BA3CBF3BFD836ACA8576CAD2BE5B062E97923644609E32F7D23B50B443E2C2F3
506	3006628	63F1840CB91091F8D1794853E178BCA7EF6A7923E8924EE37848CE3424F397B2
507	3015637	10CD2FDA91A2C9FD543C1CF3D0DDADEC2B9BAE12779C91E1611A216F1DBC4424
508	3020398	986A191EDACBD6D5FC60CED1BB1689D330087220012928D3612119DA071EE2B2
509	3032740	574A1BA43D109FFCAFD7550FA1DE30C514E9190B4C13A0B18E9F61067FF93E6B
510	3039516	CA6592751D041D0BFF54B32858DA8B5262EFCFA30771A06BEF32B3C5BEB39EF0
511	3047304	C9B7A38D8FD1300E41B1FA2767AE27CE6B76097CDB989AE3E7B7BA981EAD1F4F
512	3061375	41E6B43585F3E1451E74F0DE348ED840545A0D45572B9D91328AEBB6CA7013D9
513	3073606	06906AE12C381ACB453105876FD110930BA74FBE2081BCDD3536809D23098C13
514	3076855	A2BDFBD2AA8A8EF4FFA3E9CBE29E0DDC9E503E2B0D092848D4920F78F40ED57C
515	3077686	B0286CC6D28A97E8C7894FE3FB6BFDDCAA7C8D2B3465F4B6A6BB7A97BDD7A85D
516	3104668	03515C98B3F87DC0789E0E67985BEB2424CFA7DE811568C1C8C6BD44DC155DFF
517	3155289	62DECFF76991E82185FD27955EB39199C1BFB96C0E7E35C12102D1093E349222
518	3186026	DAD9A9AEA3D18F6297B8CED4FD6512B7C855162F8E4B31C40D64552C465CDC33
519	3204718	A0CC9210749639B97BD2425F07DF39861E2B566EED0E10E5F85730B394391613
520	3205404	3050B5B7C6816C7DF19E8C93B94A0BBF608DA613BA00CDE548F8F610E03E9E5F
521	3214914	B259D6ACBC4B7A69DA16CFF55F16E097EFF9FEF28E7067307F6E68A335A939E9
522	3229607	41B32DD90E12E3A99C8BD45562054C4CE85BA2599EDA637F085859F95B7DD96B
523	3231554	90E9FA29E183493C94166EC43D8352C56B6B4D4E2313AA0F02273772023E2B01
524	3240657	4ED04228FFD1EC83DC734626CC045163ED6018E92F960DA84108778263817BD6
525	3240842	B0DDA95BF7C5F3854823B93FA3C1320A435967B9E7EA80DCAF0515D8FA796B1D
526	3241754	A39EF1D0BF32C17FEC2627BE052BAEDF0D42A8DFF54A52965F56A9DFB0B2276F
527	3245106	CCAC0C6A2439CEA1013F611DF76F7D9A47E863A8975A3CE4FABC15650FA177A9
528	3250007	311B69AFEDE87E8339BAC5947983B3BB05C78F08509FF1A0AB8529B7F7EE1663
529	3251042	BEA7B54A6E4974412F22A915A746F2633A29F44C82C75283F036BB985EC96548
530	3251954	8B1ED06109660906974B5E34B9F43EEA7588E91E385FA1D046575C2F03196BF5
531	3258639	D7FD7E6B909DD80170FF22F6F5E4F0FB64C2F737707C0BE4A69D7343901E023B
532	3260255	4AA81D61E0E4C0C19276A29081D878D12A6C3386B3A3981A2DEF03F7D1BFF146
533	3261057	1206ABA2A620DF0B5BFEE215D2DA2FBDF7F8FAE8C2C63B3B999F5B40F1B9390B
534	3261242	DB7857C54F61CCC5FB77295B228F00C30CEB662BDFAB2DF1977B3424AD53B608
535	3261345	99DC32B344758F32432EEDB99AEC89D1E2E4308D315A0AD7AFC5E5524168A502
536	3262154	1446813C9650ED7BD5CA87D832FA6076E288F26001CBD9057040632C8F6B2462
537	3322276	803F4E39470FDCBBEC648307BA8FB47EB83514466CB4A562A854483A9036E9E0
538	3323788	A1E9225333231DDAC87C17AD757E6D1EEF5968C8835E971894A1EA5E761BB0AC
539	3329608	2FA974C020689AF22C619BA80FF8150F825DBF94AA5C501E1506BECFB8448198
540	3356223	FB552C92A1898FB7D2C83755768061E1993ABC75400D39FC75F9BD8B6F889DA6
541	3371286	5CBAD4BB4DB9F1945778DA98FDA668E7C7DAA6EE4FDB3079DF2D8F6CD44F5CC5
542	3387951	FB4417FFA3C4FCF972AEF98A93010BCEA02082D924F803B6CE90F7DA081A4A0C
543	3402518	41C56B4999F24976746DCB9D9C0FA2CA43ACDDC6772CB6F9B294A6FFF6C4DBB6
544	3409470	EFFD431DDA3E79BFD426CDC4342FD456414A68D596BAE5D2405DA25410E5884E
545	3409471	C700FDCDA68F2B177137B1E9F1C972F73A65AFAEEDE8C14E1C37086D34CE9C71
546	3409903	F01C9179B9A43749569CA35C9ED7D5B5DBA4F7CEBC6FE7126309839BF57B20E8
547	3420488	8AFC67E2B926832991A0F98D90179DA20593234E10E1AC2B22085A5F8A0A55FF
548	3435968	629A4720E26917A603A53FE823876FBE20B2AF4E8F5CB9D3CD193833DBA7C787
549	3436833	11FDA44C46259B2756D07DCFD1B3FDDDF806801E4450B9B09BB28EB248621897
550	3440862	74E4572357921000F035BB263A94BFC5B3C8EA9A90ED027D206B75B750D2DC66
551	3452173	20F6589895DBF8B33E54F9A01C3677B8B9AFA2FABBBF973ABC3E6F643A54E8DF
552	3453221	80F1EBBA72EDF91ED55D8FAF24A774F14A5E17D648B2EA3125089F8071A9B96A
553	3454112	05AA268AA1C45DA47EE07722BD3197AB727A6EB7705018022443F3A16A867DBC
554	3454680	AE64F78D1CADA7FEF9DA4865331E19650A03230967F850BAD0A4D31082211E8E
555	3455749	39967B7FA0EA3CEE26D244638C156E3B97F4D4B87C191DA2C0CA8533D81773EE
556	3498744	8C18A6E7AED3F5B937601DCDE67F7CEF10FC0378D677920F7E369CF97B3499A6
557	3582482	149475D82A28471644F6998F970DB0BDA25BA33F43A0A0C5BF6BE72625D67E0E
558	3599091	9C48F26F1E39761476A90E687B8B8E99D7A5FBBB0709115BC21D9B6FBD5C5EBF
559	3636101	D9D6D42076F8C39530D74B4EC78E52117B977720557F923BD454E9B4610D322D
560	3644486	FBB2FA8AF76734EA8FF7FDEC38185F480A6C83C1E8C4CF5A562A994979B3C788
561	3680464	FD55615E28D2BFD51779B129872C7A6391F08606FA1750C80867ABDAA26FF881
562	3695945	35E81B4098DEEF8CB23B2E16F30CD15C625ED78091EA05222E7F238440BB7008
563	3716504	2DD144527DEE1FA88463BD371124B76A3CBB090EE4678C7D13AD9438D06EAF71
564	3816591	962391ACC3205E70A9C08441D89B8EB12636632A77D994B0F7FC10AE72A855F3
565	3856571	1E17D202EEBE5CC4D6F07CECA7E5292666F12C0E267FC728B990813D5222F042
566	3935113	62CFCC9CF4729129B690B145CEE307B5B2117FA3421680C14D34990E2D17BBE9
567	3948747	7CC560AC5AD1D0CA4395D30428BA1013BF17A05F88D0789ED4A01FBE5394F8B7
568	4013780	2609100D8953750CA1CD610F77848512E594355054FB27433FE35A91112E72D7
569	4051206	153638B13749DEC95D8EF530938344136B5EE519891B150D964AE682D517B382
570	4051806	58B8B9907BBE2F541E8FD32FBC54B41547D31D689DF38F3A0E1473F7F6F84F86
571	4056947	05A700E43DCB16CA095EA3F6E48806C7DC7EEEA350D5323A9E7A81B4C82801CD
572	4069424	E6AF342542CB1F6ABD46AE6EBFE4EA4F7F686E3E83B475B280DCA03946585A5A
573	4102554	6F965ED86EAC66DDAEF221910904CDB1CB0A009055EF0540F1F4A4CE35D3027C
574	4117918	5F7DBF73F014A03EB53A5DDF87B59709D7A7A3DA306D7F1082D8ECDE806B34CF
575	4128703	26977A2302FEA27C916C37735053135B1FCBB2E80DE799F4FD5B0F393726E9CA
576	4128705	89086AD6F741BE43C66494FB6B38199A9FD4CD046008FD8C0CBE65F47862A730
577	4129003	5B95FEB2162B36D4917563AA9A6A7BFFF1DB55FB9F9ECCF073334FF81BAE0800
578	4129005	067DC3D91EAAB561520A2E56511ADC0DA5F2414CE3C508EBB84EF6D3FD7EE65C
579	4129303	A75EECA1FE1CAA2A27B6731B31B321D173C8DD0A74C57B56D934E7D7AE1855BB
580	4129305	AF9BFD74C8B54BB1746FDDFEC6D6B0FE2EB1522146813052B6AE25689B26B59B
581	4129603	EE54B1A3D1F5778D654782D014A4222727EA0969B53CD8150A985F92F4CAE6A2
582	4129605	C5EBC217AD7A7323A932B8F40975A90208FF43B204415EA24A3F7DA2808BBD69
583	4129913	77D36C4ED56F911075CF9ECF61654D4CF16B22AC7DA3FFD83E8FD68F61C0F1AB
584	4130213	E69F1C9648A54C50D3F41BE9DE3F5AF6E650ED45664A34D59080628949C80296
585	4130231	EC93100958DAC9290F2DA8EF85458D6EA9F63FDDF7C7079884E247586070D154
586	4130513	570F9A1594C4BA253461D6265A206DA9DB3BA22514F4E87F754F21D842BE010A
587	4130531	2A53A49283EDD17FB2205707DE91D28160282C28A6ED610DD4A25FFB7244E38D
588	4130813	09560A8361DAEAAD64A01C5EF61CA99B3B4B97F80BB505BAB11E3EF55B3DA64D
589	4130831	BEA7A2607C852803F9AAFE471DADB36452D0D848429A52643A26BC25CA6C4D46
590	4130965	1EC095DD9AADBC5A00A15048447CE889E3B8AD6E21ACD2FBC38BC65E7ADC802F
591	4133640	93C0AF84B819D89E86AE724DBD99300456FDFC6F3BD5914D9DC5F3E16FE0B12E
592	4135201	12C34EC1FFE134544C9039B6A48081F026C8CAF92099446BABC790136550F62C
593	4135697	8B02E24394323B387C70EF220E3D8D9F33761C205396AC58BB6EC93BCA51E504
594	4135715	17DFC657EC200AACC683E5C6B63A999F92656519EACD1B28DEB52C793A6D570A
595	4135997	41253F65035DA16D297BA6B13F845C37EC56D770E50DC914E27F3C4CEF4DD53B
596	4136015	E4AF015DD7DEA3F6C91689C42E6CC650CD11A20119527668504234FBA6DC2A54
597	4136297	A6D60C01D3B308E221633AD977DB9F75B9CCCF4CA5A220BC6BB21A2F052B4BBF
598	4136315	089B7F813C98C1DEAC5600FBE24E3091F5EFCFEB7550E204EAE1925B9193DA33
599	4136597	9505F5BEF8EEF1313EB77D32B78E7875C123B9203415F3DD0E0DB42C9013DF6F
600	4136615	15BDCFD612FA28A8C166F549F739782F5D993EF2C146870E733E82E3775788ED
601	4138855	CDA0C94C4F4169D6B98BAD7FBFCEDDA4966254D30DE552E142113CBD73644D80
602	4138885	B3C617BB987929DE1F1AA1BB5FCA28551C914AD0A93DF91A77DD169295BD1FA5
603	4139155	F44508F7711956725D99458195401A0617F1A4A89C53D84041FD8300EF13761C
604	4139185	FD52841CD2EE1516B2AE07D130CEC761FF44F5766C45B30B02C4E1F5D68215BB
605	4139455	AA940F23C4466E6A1054486CD8810A20F0017F345F738916F5FA41FFA58B11BF
606	4139485	D887739DF79118BA3AB45A600C9276B5875A259FADC5F148CD52041E87CD098C
607	4139755	E598FE2AFE4F074CA5D47E5B099F7A43DD8E389D318C11C495F7B9FB5EEC0C56
608	4139785	09A3BBE7E372DB7A3EC188EB637EE4E04722678F0C2598F4CAAA8CD9E7C75138
609	4140339	134F4CB11D7ED4C984FBE01729D76A3C2F3E20F90245B889AC6B0833611DF48B
610	4141402	7860E0A428C217B2DE11F349FA337799DAEBA7134E8F3261E9704C9D13EF95E9
611	4141406	E920E12BD558BBF43FC9F6AFE81199B322991F164EDF1868A754704D885C3D35
612	4141419	2A63F0D33B7FCE5DC0834BF259819409793D720B3DE8EBCAAA20B1F82E726602
613	4141595	DAA7D5A365C9951335F15BBFF234F51015727D51B0C72DEACC20ADAAE38002B0
614	4142219	6183C1124F157C937ADB1156BD0A7F59B2DB1902A72B78460A7B5D6F2590B6E6
615	4142993	9FACC3A30936C643EB10C815166FE76EB1018291CD4FB6D057228A9938DAC228
616	4143574	308758E0D7BCA222466C2BCC87D849CB5BD7FF82F3E657702A5D08DF281708C6
617	4143999	5908B70CCD830C57F1CC78983787F54838D92EC607062C7ADC32907434ECF41D
618	4144045	BDF79BE0B60CC3C8DD5B15961489A5BBDAED2C5C5A9B66A53CE8E337E947F909
619	4144062	6F94A76CEEA6DB6CAC1BF3293BC165141833113C6F1075F7F16CD3A74734E0DE
620	4144302	E454E836D02D8CE7031B8D7DD1E7DAD1D2D2398EAEB3697389DE356538EDF602
621	4144339	1970A94660246ABFF3A4BFFBA4DDAA32595A312311B9BB8F40F21C5031323B1F
622	4145926	37C20434D561E3DF6BACA32BBB8AC9D8DBDB59DB80C48AC285410B63DEC75EEE
623	4145969	84121A0276EF945F6D32A13A907D635A5B74A609126FF8A9CD0F8C21427B0DA6
624	4146868	B46A7BD7CD36DA9436983B66BA86F5F54B2C05946206FB4CB1790A7D216C21B8
625	4148989	CEFEDA6523C7F6398F5469AF3AC0889C64EFAC3FC61DFCF852C89845357386C3
626	4149663	9B06B16A4541D9E4C851E4EC1EEB8D80F4A07468E10580107FAC829A589420CC
627	4149709	15A1EDC636CE4DAA141D33E3274F984EDBFB0A85E2B2A4B6664D4A0A7D6CE235
628	4149983	2F2BE1207FC64ED35A982B10DD1DAE082F679085C7C38C9FD6D3009906C72B84
629	4150023	52CDDEBBDF9EE5EBDA173F625E3BCEEDF83E9EB9B458184E03AB29F05603DB9B
630	4150069	773E3BF711ECFD5818B074DC265661ABBBE7876D26B84AB7FAC12497A7D19080
631	4150099	96D61F43777EB3865B61D22BFA867CE6C4C02D42A430894DF4F0E8CC6AEE8FEF
632	4150173	A02C1E57D28758850FD72F3ADA4BD6549C858F96FA9E2892C6B3CD49374BBADB
633	4150343	44E1E3A1808DBA4DCEA1223A19E65F64272A2028B2023F8858C7F85511E3246B
634	4150383	432423235D72CB061AF809EA6C16B5D99D754A2F55033D1FDAD26EC55FCEB246
635	4150429	DAF412D18B181C01867BE54CA8DB7F5E9860927362A5B1F0C201EFFF4301D67F
636	4150459	654FEAF93759CEEF76EC4675C8962A9EAEF7367613E48502AE105EDC0DEFBC56
637	4150703	B7DB8E566334E39979004FAA51BA7701DC125CF4A247AC375D3A0FB6764504FA
638	4150743	B544D171B2D7B30CAB3A0C2B211A16658949576FBEDB337CA914A571931BB2F3
639	4150789	176EBB7E025225D830E3EDFBDB03E62B310D0865DEBC78A32E3162E54D425A3F
640	4150819	89F3EE3A4258D88A56EF92F784107F8C14CB9A7C415DADA1914C84F746AFC001
641	4151064	AEED9000312D3AE5F3685EB90DA9B20617AA706E64D14B593E9A14A0353FE07F
642	4151106	DC04C69E1826A75CBCFFF2E6ED23D3D28DB9B3F9D6D1AA91E46E6E86B8337B22
643	4151364	FCE80827B1E47AF2F894FA816BF3569B5D3B2C8B4448C7B81F5716CED29016E3
644	4151406	4D354090CE900FCAE193DC05441E51A3A1DE56898CE202B3917B45327E5C3426
645	4151664	96D4827A94DA8AE176EACA70E89914CE900B1E8678BF36757CF3676B17BA36B5
646	4151706	980D779611451983FE8B99C01CA20F681A4F8D553B400D71978E6C64D01DFFDC
647	4151964	9BF485432ECB5AB6F9243A53E918CE912002D7E93D193B3BCA68BACB59026353
648	4152006	139C7744CB68C45712A10A623FE86FB9E8B073A3A3D5937D014694A5D5E4A4F9
649	4152294	84EEFA3A250FCC56FCB541CC001DFBAC44F1D8920BBBFFC73D1EED4E2FA04904
650	4153014	5BD8DCAD73C97DC255238E56A6B73847E3A3CBB9A404BD4ADC891CAB98517F97
651	4153257	8746D9153400119770927DCA3A0A094E604292DBE8DFC727BDDE061E832F4117
652	4153314	67E360D9F2B490D4216DF687D5F72BE489DF99848380664372DE6B4ABB752B93
653	4153354	E69B3AFC7613CD9A710346C25F05FEEE1C1271FA3820E64706A8B39406A13586
654	4153367	535B639B87AA332A74EE8FFAB09BE751706B34CF278428277A5DF029B1128CC1
655	4153617	443A860C4D9E2D2554686D75046E3204EB522A5B86E1B8342B9A96F3D521ED9B
656	4153674	11F3DDDCBAD592AE7914EFC4614BCE8D28F9A38186ECDD7D5320C51C0507A077
657	4153714	ED194F1A6ECC607046E83741CE6927B265103E075D569DC4E3AA7FBC47C7ECF7
658	4154024	DE3D2B40DE120D19E1E85369A683EC7212008F0F3D3222A9D6245851BEDB0758
659	4154034	8C950F71566E5C8CE536105E24FCB9AF906FE89B71698E0E8099292BD946E5CE
660	4154074	A293DF1944EE747B8A028CCFD464BF676AA5DBA9C32853256056CA597A6BD26B
661	4154087	9E32C44479F3974767A9D1A0251A095383DE9BA3070B6C1916D5F7FC202F7B7F
662	4154094	C39ED080D13383FC1982541DE3CB6AB97057F4839B46CF96C0784DB3F62690BA
663	4154423	6E87259B138A789871E7E5D25DD262259BD34C767BDFB3E9178D81E9AF27B8DB
664	4154823	AC379CD2C38959512A2E0FBEAEC07794E84D31D1AC662317F5FFF32BFE8E75B0
665	4155503	ADA5432ACF7F274621D9CAF90DA370BE97694554FCDD0F0B5A0D713A4019D847
666	4155543	D8C3EA748BFADED929C437A7539F7CEB908D484AFBB47344222AD4B39658AD73
667	4155589	FE32E9F7B20C321E1A4C8C25C8A49CEE42AA3B350223B6579C6D53945F2554C7
668	4155722	19D73467924683DEE49C2B86A85D256CD3B2C35DE34FF9337C04D9A2B30D5BD7
669	4155863	993AC2264570A2497D8530A27D290A3207323C19C056EF20C7BDF536EC156800
670	4155903	BDFD8D28611F6FBC5969CD0804CF4E004F67A5B2788966DFB92DC865A948CA6E
671	4155949	D79EB4538D309FAAF3B3D59D4BFA1DF547082E9339098AB163E243DD2438D736
672	4155979	732DE629D8A0D6BF3C7E66092D573D4F3EE257CBFB3DD3A2CD2036B43066894F
673	4156082	0CD739D62208B5A7DF92E26CF9BBA7DB0B2328AB74AD5E429E2561BA06D38FBA
674	4156223	63D9592E048577B5243079EB65A3FD158A2FB3DE045CAEC91D961C54CC648C63
675	4156263	FDC13612F8A89AC9BD76039FA7A11D60FFA213FFEAA332994BF74591E78BE78A
676	4156309	7D91F03E1D5473F24EE8790E2DE29E1FF71B7287CA04E3744AAF1D6EE85D621D
677	4156442	29287E0CBE3B27EBF8C3179F3779D62799BD670893949ADBD303FCAFFA2B1C51
678	4158710	9541A3B29F95B7E206C132BDED353C85A9227CB6FD7173BCBFCF804B73247900
679	4158735	788F0649729AE75A4B109C4400C5F63FE73E31FA55F67E1EDFB8380BA7B978D8
680	4158813	A86058796313C5678AC6BBD056FBF794D72D19DB9158D87467D2579BD6300A04
681	4159010	D975797FF082E80FF89FE946AE752EAA0D5E8F098F644749DB9C70DB04CE45CC
682	4159113	36F6BACA264DAA197FA80553BD60CFC0E3047B87BC57AF5605E0D8D7E08DDE37
683	4159310	3071EAC3D17E3FEBD65746B681231BAC01EC79EDF808B5517AF47B056D9D3903
684	4159413	72AD798E4E5580181B2121BDD7FEC9DB60DA843E9F5902A0A0B28699F4DFA607
685	4159610	4736D5A7B261347200881A271450EC229443966B5BE0BF544C11530C371DDF54
686	4159713	6B5992F09F9976A78AA859607008DDA17F477A2BC33204926134F66101217953
687	4159934	32F742F466D7862867F0D556915896131215A4B6914856F6F793764335D18402
688	4159992	6E9DE517A1CAFFE36C3673544EC904DD62F3FE2AF2CD4915047D2B418CA9D8FC
689	4160294	AF24D943885F88B1535F640E7674633CFB6F51260902658CB367AEA3E3900544
690	4160738	96BDC21990054058A37EF083910034A656EB1C167B11676F1B5C8538EFAE044A
691	4160790	A18B4C9DBABAE4BD4D5D8F6041566FC4CA91F640D4A8571EB9B26C4C0FD250A8
692	4161014	291EF5C69CA89502AB8EEA297EC5C489992C3860B0144CED02B4FC28F30AC166
693	4161072	DBB827338AD0FF72C18E4A928852D834E65C7E51D5E30DD9AFE71328B8343B08
694	4161098	9C71B5FE25EC3A2C17836D77E1F673B04C71B130C16378581A8525E9FC729281
695	4161150	0A840CAF8469075FA397654187104CA6F6F01F401B285AA7673F0AFCD9F493E3
696	4161211	780579F79FFDD82FCD463740C60A436ACD30BB0CAA543F84B2720E4F66A076E7
697	4161374	75F011D2BEF99BD884DFBE8CCB86C7BEC693436164CEF26680772C2DCD0DFAF1
698	4161432	A7F547A470E882EC81F33C189621E4994FD960F8CBE0430ADF4769DAF3C85A4E
699	4161458	D29F1AD2B15B57E1E3C3439FE11C387705C19B15106CA465947009F1FD5D7D59
700	4161510	B9C7F91D6F7985B4C1506220579265A010FFACFBB72D5273308EF96F7963C758
701	4161792	D65236FC7F70A1CD8745AF98465E3AAED8A52A20ED39EB32249D081DBDD19ABF
702	4161870	C4A187621E20501DB9586C07B55A873281C751DCD83E9B1A9F93E1700043FCE1
703	4162697	DC14922E4B658C7B9E9F4CDA33C9BC050FEE1DA22F2E1B965D60A61FBC39AC20
704	4163461	380F0E92F5C473CC507E04671B3CEB94B13485657BCDB56B3F926D79544B1D06
705	4163516	9D80ACB07BF5961AE5370EB4E6948F18118EEC39ED25B08E5BF03D1A6F9631A1
706	4163558	D0F176F3202A8B76986390C5F5D6C801C133065A7991C2987BBE2ECC746CA973
707	4163918	D439BF0A9641B9EF8698669915C1F81EC2BED51B5DF5C81ED3C17B0537231F43
708	4163936	AE59C91AF68BE8D6079EC9ABCD1DB8E60075052C27DB564730A31C5DF02386E0
709	4164208	B7E8AA9EA011BA541902A44926999A128B970058C73FC83834A2F6048A4CC09E
710	4170355	5B887C0455685B9F306EC0CCD91A1EB524E8AB938BF3F3DD0DE18D66A29344EF
711	4172490	B943D026C767069F5EAB551B2A0375A59104AF73EC799618F06D29CE87D74DBE
712	4176386	442EB0F78919567026887A8AB6B826306E83EA78982847AED00D653E9BCFABDE
713	4176738	4A695D7E2AB8BE2843733D7C36E13812AB26C4CBC14A7435D0256CFA2919252F
714	4176746	C29575BB36D373ECA76E155F3D058A266CBE5BAA5E49F1A0FF498F8924010564
715	4176852	E9DBC33660172E523F57F8BCB830AC5272109D62F32A0247D63F9AC38D90A9C4
716	4176874	8931BBE5C20940A0CA223482EF2FE548BE9C59024A7FFCEDFB9BDD7AA27860E9
717	4177075	3DA8A83FD54D41442A1473D4DEB483FC3100C47E712425C8E277F25D3948F80D
718	4177098	9149FB98AE3D1DA2CA8431DF2B9EF502AF0F70FE360D777D99A2DC33196F2D30
719	4177212	D891A6FC2B7C66A7E82F7A9B46DB513F06E846470128BA9B09FBCD4716925B1E
720	4177234	44E85091C78321AA2D25CD75E46CD8D56A7213400C73C754E82901ABD858C59D
721	4177417	E72761AAD24048DA861649F6B91565A9F7751F4CFA2C63D36FC4273D0364C3EB
722	4177435	986E579FCE39C7EECFFA3B7097EC6B4DBCBB4675A35561D078D4BC63CA539A41
723	4177458	D85638C3394DDEB1807A0A0DA759528B0C3818BF9CAD19FDC7D5584899B5857A
724	4177466	4903DFE38A763F3E14E97CCB2902E32952BCEB70822F4F2CB522D1EF33C8F331
725	4177572	E5C6BA3D5D745EA40395D89C0F014DF49AB3B0D151B811480B4B0ED104CF5808
726	4177920	7ECF96DB2382DFF66E838F1143879A37A1B01010AF049A9EB10D130497F46F82
727	4177921	AAFEFD7C1CCCAFB4A6C23913E3C30C74FCC17F981093FCC86EA6FCC01E4B01D5
728	4177922	F19ED656446E74A3EF32B1EC38F9DE440A6D6394FF2A67224E5F58C7E2071C73
729	4177923	AE3B4FCA304AF088CFAACACCC5C7CFB42C59303C45CC4B9C0628AAE13E03DBF2
730	4177924	E1715FB7D3FA378E25BC8E6D9E05445621CC8689D9277F4F536E7223603A4E5F
731	4178220	1D3AD86C6DD236C57D1DB5D1D0868C2EAA11612F9A4F510F205E212E3FF692D5
732	4178221	29EA5A67FC0CCD3A157832D054B63AC2FEDAC6FB8C54D74B6F71B6D3286CF65C
733	4178222	5F1380C6F4E527F118B8AE4074545FEEAD9CA8A756AD4A04FA11BE22E0075783
734	4178223	8692CA9084B49DDF6E207681E81F440433D5BF7E41492E8CDC4BBC1169A8C299
735	4178224	48F74959DDD6BBE1FE47A6946BE8CA60999D6238D3CBD395D4008310558E56D7
736	4178520	AF7DD63FF3FA1FF0F0B971C6908CED6A8E695E62156D1D1040B87AEF276A7A58
737	4178521	60794E2A9A74B8972DF6AAB60DF8048DE4507576903C4BDBF0CB068026CC0AE2
738	4178522	3A9D2F329A4A49E5591DA8EA56BB6A5B54D5A31D9DAD40AAD639C4E518A2AFED
739	4178523	9137464165CA588F671DD2E920A512C6BB831937B7052831ED8C1A5811E27BF6
740	4178524	1AE41F34F684D8F7DF74A3233A6C4E36EBEB12B01797B4FEB83BDC971D1937DA
741	4178820	BEF63210F5FD0A973B0DC8401BF7A309507811314C4DC01CDDDE6968F210F8CD
742	4178821	964B79129C31FE3A1DC77449D61D911AE6740A21986EF1DE22D86DCF5AC22E0A
743	4178822	1D6A9DC09B90F305683765A65B007B735138E5668E4BC8B4037DD9E5595C0E71
744	4178823	4544CE9A983AF84C36667045FAE936CEC3DBEB92117F56561D6C705F714B977A
745	4178824	04314EC4101DBE041D304CB6AC57967DA6772FD39B719D7F509B9877709D81C3
746	4179003	CC31BE2704F7566658D97E8572394E4D79C6A696D0E81BAF7C1FE2BB9FBD4A9B
747	4179363	1E34771F6E51797D724836A778261A1A4417E97E28ED3ADB887A5DF04E45C0C4
748	4180083	9C2431FD023886A6EAEBBF8828C8091146772C1C1E90E13DCF3EC015E996021D
749	4180239	276E1F5A4F2A6423094CF342C17E8BD8F6A6D28AECE88E7F460FBF1A332715D8
750	4180267	091A41691282FD67E167BC2A6669B9E354FD64523C11D54202B75665F58D0478
751	4180307	B935F552E315EE5F25B50941911FE87589870D547AFEA419BF6904DB34BD1E42
752	4180492	B5D9B19BED0E3827F0511181FCF0328E141F93BC446D1CCAA11E2B469B01E7E5
753	4180803	40092457AC5F39D8F79491D70B63B63C8AFD7856BDBAD6D7DC869C0E92768852
754	4181002	A59CA96572CB3323FFD6C51F29F7250C429CEA85EA5D7979EA157C10F40CF912
755	4182429	ACB6BF53A305D1F39ECF72AEBA673FDA2A2262B9E6C0B772DA3D7FFA5974C8B1
756	4182623	B8A38C583A979F49DCD9636AE6B66DF95230DBCA295AAC95927CDDA8283ED76F
757	4183023	1CCCD42F4D35EEB215BB21476ACF1C473AF28EFEA9F8113FD3510D95FDA97FDE
758	4183069	913877133A842E8FA9B898EA0595BE52B3DC77EE4DD1A259825EAEFF0B526B71
759	4183099	2CFE76089D57F429A61F12F2FD42FD46B2AA7E86AC292C6D602017CEA4DEA68D
760	4184714	A8F563C19126475A601AFDCD1DC3A066AC665982B8B203BD67F535E391DB3300
761	4185115	7A122A58FDE44DBF31A4FE5D5E75F54B75CB6352A8677A2CDF19008C3385CD6D
762	4191023	B8254B57953D2F4A262BDFDA9E81E3C6547C2601710EF2BDE25ABCB927F57C44
763	4192636	AF3CA4EB00A2B4AD80B4ADE236BE5C496649E75B0145A75476A4A29C380E9EDD
764	4192652	A12C6FE5B050E6E13C3AF9D83B2543300DE4C7B054D6D4152D78BA30A10D6E4D
765	4193211	A958ED1DAD13103520AFF8C12E181B1C3E171B1D1B6C9E9823146F4DD1850F56
766	4193275	05DEC973F18F5E83B1DC38DA99BC5D6201421CCCAA1C1884F27E593135E63CCD
767	4193740	69CB03F558733702FAA79EBB2282FB689F23586BCDF5107F84ACF2E1AC76BBFF
768	4194040	E2874B89DE644E373ED8EE7056EA89EE1822F72C395D56EDF7BA017908D701DF
769	4194247	B5DE05AD11D43B314012C22AF4E57905F6FD0A9642335361AA80059C322DE02E
770	4194291	65441621717D9AB5F040B83A4A9F0F2F9F0A0AABA6688252C0D2496AE1955ED1
771	4194355	3FE01935CB621BA5E77F4D6D15E8C85B4A34007241BB76E85120C5F47F56F410
772	4194400	D44196CD87EC2138243E62C925DC7D98EB79D587804C6428CED2AF401D7BF8DD
773	4194437	0EC29E3539128C493ADECE2BA2BBB5B40D57636B4E0080B2E8C56D9EAADD0129
774	4194820	74E034247DB9738141C9570AA670BC13E0F952445412A8BF9501F9E676C56965
775	4194967	CDCA19B2984D2E69BF5285003F1EBD05C3727AF1E8333AD1340A0D20CD34C398
776	4195011	CF7F1077716C42E9A7FA64E262F15FEAC586A66F1834870F7D816B5DE01D1134
777	4195120	B91B2FD818680B535AB321F88A4C2BD49BCA4A00E29370AFBB587994455D16A5
778	4195446	ECC2C51353EC6E6F25BEA55CE03A1F63B083639A389B3CAC2096AFD251CB6210
779	4196940	1FC282E9F967E5E5A971816870CE6FB9729851BCCAF268C217387DB8C238CDE6
780	4196942	E8615628E552117B279973C9A2BCAC6CF102D02565BC3D05C5A362870DEC6557
781	4196952	32738B3933DDE9FE5BA6A462D6BE16DFCC2C0815A92B5D7BE27646E7C3CD4057
782	4196995	04F16115089E48B554D669CA31445D0FBAB21DAB30B1C35737A7435A5FBC521F
783	4197066	E0428AB7A84DDDCC6CF0B95DE05917BD19B02ACC863AB68332B4EAEA8762E4A0
784	4197580	D80EF4948543813509AA287A26CB7364C63B506D91E39FA683393139C70F0A8E
785	4197641	E4E4980C8B3E3A7CFCFD890569C93C9360B75FFD5F89D3B064E411507100C2C9
786	4197645	41B069108BCBD0BB458DA1F996FE4130DB975CE137F330E1C5032D0019D00F9D
787	4201211	9DDE62B1BF2385E8B5B89CAFC720836EF1999D316CD866D5FEEF57934944DE71
788	4201571	62ECF79CCBD77B5188BAFD9B171038C292BEBB0467331311B7062D9FF5FE1083
789	4201705	94ED9794BBD6ABDC68C89755AEEB591DF0B94C04400D22DD193B5CFF3CB1BDA6
790	4202013	98194E13F56DFE6DC3D80E6DAAABE74A0A1C99DFF4E3F0F26BD3365B07059EBD
791	4202067	3A2D5AAB93BD043AA5B8AD673809607EEEBF5E990CAF3D668EA96D23AA107671
792	4202291	148D54EFED258917A15B91CEF9041A50B59AAE4F0D1E0A4035BDB7D07C95001B
793	4202293	F42F4E8C28AD269ADC5EAD603F414F37210DC3AEA31E9E50B008C5E157EF5254
794	4202349	B6DFF1BC45C2D2A20538167EDA725C004F4AE300889DADD0569B883EB63F87F2
795	4202351	C981249525CFACC57CDDB81B6D3E10EB9BA77DF821DE018707365395F8859EE9
796	4202373	9112A62B60702D022C3533EDA0951FA8BCD0F05943F283FB6A6DAAA1566AA1D5
797	4202425	C3C36A87DDB909CB60CCB5CF27709AFF0BD0EBAD34D19722A64D91731A6D7CCA
798	4202427	675D7FB7B1E4F80FACED5B6D3F3F87C92A3E043B483FC0F16FBA1B1D47ECBFFB
799	4202651	5053650C54C5194449A5ACFEB11CF0DEF9C2864F11FEACE8E933A54E26F7E335
800	4202733	27FCF2EB29444238AA03FD94DE4C59285862BBD6D91B61AEDBBBCDF78A0BF7DE
801	4202735	A36AF6C188B2D703C106379903751D733F944C877FDDA48E0B8DD65EBDE0CCC1
802	4203011	AC68C85C368C7BD72C2F6F003AB33A7215DC563FB592DCACA0FC70F4601058C2
803	4203013	92D4ACD64666EDA71995C6139A4462E6C3690100F2D3576FFB47C733839B8084
804	4203069	80C135BD89E2C4A91D6637ABC740493079742339D60FF2859BFA523480E35494
805	4203093	2F7919863C80058EBD55CAB2FF85B74475BB89932513C4EA5C098CE674B78906
806	4203095	F6A8570DC7B4F90ADC15B6502BB85D44AE41CD491AAB2B7D252EFF2FEECFE73C
807	4203145	BBF2FE3306127C8C2DF447BC534A11537A0B9FD3DB7EE779E1B9D0005379129C
808	4203147	31C6E0F79EB5F9A6949137E7CAB0C11C88AE7F9F38DC67A917435C8C146AD28A
809	4204472	28993FA0338DA388F181F6419A3EE52F6ABB976CD5803C6EC03CC6CFE7178393
810	4205336	37DDC40E9F7CABC68DD6E6ACA9723B78CF0643B4F570919FAC06FBC30181C93C
811	4205921	8AFAA931909D2EA6FCB749F6B2980AAD718D97526A621A91E198F077B55488EB
812	4205953	11F1283FBA865D92A2CBFABCCB94E04563694168C87F954ABEFC47C3B73702E7
813	4206595	7E6CCC4701A007DC56677E41C7D2409A86D9A587AE6586D05B3637B7C2D29D1A
814	4207137	13DF75219DB9F3C847911BD440865BCA828C95E0C47C4EBCF7278549259C0D84
815	4207151	1E8FD56E4AB166A4B89BC608CC9FAE1D069580D01F7F5C8D73804A41CCC5F639
816	4207480	0AB715F435ED1C2662A64BCA8CDF5CF585E94EA2267D48BB58511B47267BEE87
817	4207539	371BEC88B27EEC1852F575465726DBF33F84B5F90200B301B667B8FDBE887CF0
818	4207577	F5DA4BBA992A0A77CB5AAAE6538F34F259D544542F7D62462245287D523EC5E3
819	4207579	110DEE52B608AE842FAC849D4B63DDE4401619C7B39F8FEFF2884D458A534FDC
820	4208840	A472891F2E9EA5ABD127DE7D54B23E32CBE88AAA5CA60410640B5983EED92F6E
821	4209406	20D2FBE756CB0698143F07C0498BA6F925E876488FD99643935FEA3E36E648ED
822	4209585	B98810F994BB4A54C6E06DB11F3566DFF3108827001BE0DAD14369CF6D5BB1D0
823	4209764	2DB8D6572BB619DDDC9B175F33277914BA863DEA8AE3E21A672F36F4D8AB7211
824	4210424	F3C231DF877F40B88BA4452471975AAE7A2D3951F18A2248976424B9BCB315A9
825	4210447	B76C2B36315483279D57A1E3D6FA1EBACBBE216EB9113E86DC30C8DB4D122403
826	4210965	D4E1A9CD1D88F58B1C170E90BD1BD9742DA78AE7DA661DE2C4A04FDB9B70EDDD
827	4211642	63A66EFD4152B206086E1CA5B7B849F0F6034724F16151B60AFF1B6EF4D808A7
828	4213091	1E442B4DA96B6B9F0DF2F029F04CC077F35FF645B919F213433CA52840260943
829	4213790	7501C21C5BD65C246ED9580BF27875C225D917AE02FC56F82F1716F30D31722B
830	4214057	03889DE2F94EDBF6D0D8CFAFBCCC99D91996CBC5BF4951055887B51C07FE7DC9
831	4214818	B752259F98ED6597D09B83092A44E030003A5B629F5001A99FD3C47C81EC2C68
832	4214851	90AE02E71ED8BD2D42FED1FD3C9B8D0EE827FF507C0A2463478680987CBD13BB
833	4215003	907E16C1EA7F9ED5CC096098B09EAF44D8E09B5EACD6120B1C9662851418F3D7
834	4215571	FF4A499403C9980F1584959B3243B1566FE80C44E3D1E17406041B2094660DDC
835	4215723	ECE3815F031DC6E614B4ACFBD0D7718CA96E6B17FAD9D4CAA8171475A58AF26B
836	4215765	C88BA45F8BCC35569DB3C9D7E20A4961B9B9E0E7FAB9824D19C3C95A2F6A2B46
837	4215931	1DD0C733B5490BF0C292B0DF9A6223B46437B275CE416C45CD5CCEB8880F5DEB
838	4215947	75C8AFD46A58E100DE8E8039007B74F2F985FFA720BA068BBAA9963E60F9D9C0
839	4215951	FB59FD756EAC0ADC6F7A12E9AFC2DDC987D3FFF5612B4444BEA46AC83333F4E6
840	4216082	339D392B08F002C9FF7498C88A27ACEAE041CBA1EB037F151462A7339FEF1487
841	4216083	E17184CB381B944949C21124D04AC130146B037CB0E07970C46BF97852EC5A45
842	4216125	161A26E31EE189C8AAFFCF21ADB6D74FD1DF02003E2CE2B1DCAE690439F85D34
843	4216291	632AA80957C41807809EFD01C727B490E02B38300C706F9D3832CB37093CEC07
844	4216443	E381A2F39BD51EE8BC0583AB063AD97F7B9F6ABE8C1CCB261A743A4B6E7F57EF
845	4216484	05DCFF496B1BD469821BA79231F4BAB2D8B0FD76328F175465E2E981231D588F
846	4216485	06D779E711C10131D4342F335CF01C8F80E823F33DC3074A878691C36CDF9F28
847	4216735	5A9696E375FF4AB827CD3A4D5FA4CFC69C19A8770DE1B18B4BAE22C23623BF44
848	4217087	59703AA7D7A99875C09119142BE66D85D7E7D66D81B99586860E0C1F41353F82
849	4217824	7017E7818356640F2DB9DF69E425244529BEB38CBAD70FD63E1B7EC77D3DB290
850	4217840	BCAE4D6558AD91C140A518562B587022A9FF63B58FB7DD75C3F335C58638858F
851	4218365	DD3838B264C4CF2DCCD42BB038EDB11650C718D494D905DE55CEEC53E54D7059
852	4218564	5B472715CCAB7D0EA634131315999FE4ACA76A2A29DAA01D69CFCB48F2A5A972
853	4218743	8085885678AD0807F75B7E1E30D4A84D01CB149227CFB313BC3FE08924B65DDD
854	4218823	9B6D4598676227F14DBEAF0C3C5AF6E064007FB29A39F141FBA757179EFA2435
855	4220445	8EE6DCB5640FCF08EE08AB0877048EF658A0FDC94C718FDABDA5941D0E7A4470
856	4220451	1179B6FFE7F89E383A08894E957EA29C18883BED92B2B3673610BD7688233B18
857	4220480	405CE63F8FDCC06933274A0402D03BF16615DA035B26AB794C9149222A1C1125
858	4221736	65FFD1F6C35FD0B9E5C3C67BECFDC340094C11C0357FEA257ADBF018F2ACF335
859	4222818	F336B66C883634B11E4898A66F1CC3F6DB98C9B202C3EE1B7D8EF98F2A80BB0B
860	4223358	FF9BE370AE9D239E034CA7FFDC0BE23F29A902B9F1FFD4F985D29765924E9EA9
861	4223392	A12BB99E5DE966B6175D3D14A8934F35E51776180643BFA5653C23DD22C68B77
862	4223394	412EF48B6C95050A4D796D6924D74FA2CC31F5A105B5B4694C19F7399FBB2DC8
863	4227339	0EAC41979202CA4BE0C04A2480DFE791FEF1771D4AEDFB72C40A5F3C89CCBE9E
864	4227504	B8F1B25F2BB87AD9DDE4BC1065591D009939291A5451201BEA82BE8FD43396BC
865	4227788	3C30703535C32496345853D7127AB942E069A040B5250B2899B321F638718834
866	4227864	FD41E2AAA80A3B8D27A9D7E053D9BC639211550C76E3ECCDB5316C2D1718493B
867	4228059	79C43D684179A0B52CEDDDA5A7684D44867456BC0FEF230364FE975D1A259DE4
868	4228148	7D9738FAEF73761C538050E283D0178F220B7093823D118AE461A9548D9F10D6
869	4228167	646E50C0CB04B639826AE11A9A203E0F74D73427DDDD18539BCC9B358E8134F6
870	4228224	C56EFBFB320EC4DCE5E78DC9856407A0779E7376ADFBAB0B5038BA0BCD114438
871	4228231	146803DC0FB4BAD7988DD727D887FEA6B71729B95C9C881D61E5A4DD817B2D56
872	4228419	2D9152C632CF0CBB491492DE6FFA8B873CFB1DFE6E8E88700DA3D1EF3D0BB313
873	4228495	E64468DED2B3B477F3DFE8BCCAD30DDBB3669405903316A3885FBB9D8CB034C1
874	4228508	FE1391FF4B8556E97571A6B84EF1F9E9DF36C8A4405F1AD100A5D83F7F581FAD
875	4228584	5F8DCD5E9A4991EA7E2A463E5C99872210A59D8DA3277A57450177DC94C93005
876	4228595	28E7D1E5895FA5CF6E9BCD965C4E1D6E928CBEBD92D6B587DDCCE3A930F785C1
877	4228766	8B7B72D29D508692C6647CF64EABC22688B3C192552D46417A06C5E26825418B
878	4231221	512346688C690F0A72AB3303C262C653F52703D97FE7B8A4250BE8558F817F8B
879	4231467	AD8FDA01686C17FDC30E066E783F580D874AE4DC8CDE82BEE2E37E581D55F084
880	4231581	12A8666CD2C39020CCA2462136F686C65F6CB8A28ADA3C8430AFCA5B3D7D1572
881	4232347	0AC6CB6073A67E6AD1E70F0ED1390A3898DCFDFA65BC1B1DAE6D2BBD784D6E7B
882	4235970	F58228D39A8F630C14D8225EC82B14E7666E4D3AEAD59D6054F8C03EF033BFD8
883	4235974	099C6768BF5499EEEFD1573D6516221730858FCAF01EC340E4591E8D134E778A
884	4235975	4309E0CF4EBE0A63BAC92FE06E04AA96D9FE9F7461B4A90D2A4B2FF66C9AD0E7
885	4236585	3A6538CF3945828B2DDE75F639DE00125ABB271B5DBF4FD38D74F4FFC1546E08
886	4236586	74DC5845363FF6B21385D66992869F95961ECFFC1D8DC1932563CAC1C64171AD
887	4236587	F91535C58C7C7914157997806A44B2934072226CD4560B83463F7193F6C5604B
888	4236588	184EFDF12DFA123EDEE3E2A258C179C10C23F1FBEAFF9227894B3A39F3F4B3A5
889	4236589	121316ED9C8CEDE993A88FB428B7F55E8D95CB272E9131A8A1B6826B505CDFEC
890	4236885	53B5B8CFF643EBAD48391CD7DB7F6476DE665F2F7082C4FA5F971BDEFA858DC9
891	4236886	E0A2B84C38AE8989D38EAABF1102C79DAC2895070A84FBF8A2BD005BEC7336EF
892	4236887	A77B1F02D6557316BF255291367A1BDC2ED04CBC3B437DC9B5820F7CF03233AA
893	4236888	7C4C59EADC38A393BBF10299D168117ECB4B06336B5B78A35091CE2E0AD2419E
894	4236889	B2CAF1EAFCB572A5EAD6EE59A1135850CA40A07A7A264A1C7D31375802B12DA5
895	4237185	590DD29AB208071E297B322C89FD2CCB6075F23D9D100BAAED43FFF3210CD322
896	4237186	8AD763F0CF238C7D7900898A47D58D1CB7C406ED77DD4E3FDAAB8FA87DF1C505
897	4237187	413EA427DC5FF88FDF55A5F8D24912EE96D2662859218F584C703B9ECBC69D34
898	4237188	065A5E3109D1A5ECE4ACEF2C9C0AE8CD786BCAD56BEE05E8168D2ADBD47B71AE
899	4237189	28EC576073A99408D642007E5B040F20FF62682F7C0820C254F903976E90BB6D
900	4237485	A487EA4A0E0DB58AF7C7092BAD925907D47CBB8535E7DF973EE9039F96AEDA95
901	4237486	A923F9680B529E26551B73DFDA73E942AD9904803529F2C27D1CC6822C9904CA
902	4237487	739C1127C36091CAE028647146B9A30E5A4184D5C0900F779B0CDD40E52AAA77
903	4237488	7640ADAF5AAE08618141E0C0171648261560E1976F2C6AA173AF738650AD0E3F
904	4237489	D9AA99C9715AFEDCF1DD3B8F1444D6E3EA844B4069FFC704F22C42CCDD12CDFB
905	4238509	2E3256798E0BC87F16E60EE9E9BAFEC466CAB1AAC41D3027B84F17C5728FE112
906	4238783	3EEB91AE7BE3CF079E58F535DE5AC8AF85B952FA5A06EDB7D9354E99FA2A2EA7
907	4239143	F9276574BEF3EFAC6645B1471DB4A1E5F84832E05CAAE69D453AA1B3018B0FC9
908	4239503	08A1E8E06AC325B07009A08E8E21E06014EDC6C545BD581B992ACFD9588DDF35
909	4239589	F893FA8E1C1556AD47DAAB64D58E08B695253E93811C08CE7FA8B3E2EC145AD3
910	4239619	C073F9EC725DC55B687D43D910A1D9D7BEA838F4F9C59A52051F97242CAB5A3B
911	4239843	CDC1DEB857BAA4E32E066F1D1771F05234F3CAFC753E66DF01B7CC3AFECFC530
912	4240402	3D74A137B5DF10BADEF61031A0D64F332E2D84848BE72BEE77FA09CE9F0322A2
913	4241332	0B91BD56131356000A54E867AE852DCE8C5AAF92A35800543D46D4E9EC3C4392
914	4241643	15D42EF0173855AAC4C20AFF40EF920120F36754FFDB300EFB399B8F4F275811
915	4241799	DD3A06D73D5DA0A329C1AAC1765C73CDE733EA0709548F719DA85FDB55954264
916	4241842	68B60D111F69472034B7A82350D7D0638315EE2A943343CD2BE530A83F6A7909
917	4244681	38C68CB1EF5EE6898CF02F7D69265BCCDA8ACCBD43EE0180A6632FA882CE7CB6
918	4244746	8895C82B8BE8EBEB93AF275B393A7CD4352E7988BDDF70AC7377C0D92B02DCB1
919	4245293	9158FD40C377D373D5BFEE0663F84AC67E741394C3C74AB01D13967B6019134E
920	4245466	8BF0825B994FBD298B1467C94A0EDD2F0C593A75B0CBA93D6E471CA6ADC80A9A
921	4245605	4A64486B2E0314C32FD830C3E5718DAB9BD1A92717E0ED6AAD1CA90BCE1960F3
922	4245653	FB321CFBF6202E1DE529A0078B6E86A26350662442BDA6236135ED132CCDD5CB
923	4245826	F86A8C0D836282057A226B7C3C594A0E8A33A88F5195CAA274E3F89445D1B9CC
924	4245859	66895097EB3304A2979FF695F6A1B24AB4BFBE2641E66C04AF513CF503F64B84
925	4245965	AB21D1F31CD7C0A00DC8C2324D9808FB263C639520DDC696D7E8A976F2A723B6
926	4246013	779E53ABA88C991EAB44AF694451B863674F4AE926FA13C2F5659FB90C3DE4D7
927	4250100	9FF7C3AA0624FE3339B70739B31DFBA15E497C658E4F6B84B703EA17E7CB2C66
928	4250110	AA9E4B454A2C437609FAE37BAE0279BA30A8EA6FC3BD08D8B879AEC501EC2CFD
929	4250112	AEB023AD3615095C915C73FE70EAD36067CF5CB23B25F44F9E5F0AD0F5C1D755
930	4250148	2CE1E39FCA606F82F8EF321B38D6416A9E1079FCC7FA4343E98E1A1091094C13
931	4250149	B466E3789C8DF58BCF4BF06DC79479D2C7C509BAA7610813455CE09FA54D552C
932	4253447	753AF9E2AEB832B652D1F6EB4F4032B128D26EFE23E4240507F81AF6D9A50785
933	4253888	D6604C8392FA50204B3A5E496EE087D413DBA1D3DF2060AC7626952DAC158DD5
934	4254271	2374C99761B2CB46EE4FEC6E53F83DA28F6038301910DEC7318389244E764756
935	4254722	C5C5B9EDB427671355DFD3ED32658BCBED60894759DFAEC09A5C2C28ECC61303
936	4255128	13186F2A3F6F31D321A9D440DB1434E5021F2FFDACD0C8A5E2D5FFA86A04E635
937	4255196	D028D1C2BE76E6EBFFDA91060713CE66E1AF37BE951674D177D1A56FCC5551D3
938	4255442	8FF99B0AD44588789FE150A5EE555A465F1EA200A4B9DCCBA965412AF5A5F0BE
939	4255488	4003FE133CB662B1B573546433AB9107E5B5306BC4C9E5F00D617D105B20AFFF
940	4255596	BE87E67CA43F8D5E03F810B914E7302DB361BA4165F3A32155030153ADC1BF60
941	4255802	C52363E792640953283C2F354D04F353202E357804E8F67B4A4162A3EB4DCC34
942	4255804	3F9A6EF0F1A73E70C688D33F8EA9BF3684EE92A8306C0324E6607370B30A5C88
943	4255848	72007C0ED1533F2EF1276CC0D6E275821DC9E0CB550236F9DA0BA56EA97746CC
944	4255850	28CC9B4712B457BFF8141C49C056A377E09F8A9B3CB074420E1FD59DF00133DF
945	4255914	1E43B56343FA427ECDC16542FE83AF31C6CB93AC6DA531ABF9D1A7B9923CB56C
946	4255916	964886EC09B863AF3C5707C115DC2F8E6E3D76A82B85F023E3191A1624D643E7
947	4256162	3F41721E46A457940397CEEA4B26FC45DF57365D905C7F7FDD6FCC0EC66324BD
948	4256208	2F98E3162D4E5D8986A5E2E770C179F90307A5CC8E4D4FF4DCF7D2581AE88FB7
949	4256274	CD311A24DF920C1DA3665EC73266C19F4C9717A1222968D254526C105EDC6A13
950	4256316	47826E0C6391A3A92A96A77D7950814367A6BDA521D14CF4853ED66F15694906
951	4256930	3AA904F1450CB6BC5CE4B06C733D912F0B5AFECFEA002D964DFF9018994E4BAB
952	4257108	28FA879AC2173BA6A46C2A12A86A0FB1C0DCBDAE5B1853708719B3B5112E5F98
953	4257594	432ECD8494E1C5B6931819B16BAD31BE78AF195F1111C914B9143768AFDB883C
954	4257665	7363717EC580192E77EA66F07D35DB92B91900651AC23DF0E7B8FF5105A004EF
955	4258136	72F0ED54FCA51F8B22F1F84D07331F3D55F595C4E616BEB527A13BDF90C30CD9
956	4258150	05BA7F96791C0402BE69A665529BB01C0EB6CC7AF75AD3E09757F6CFB648DEBD
957	4258194	6F2E071901BD9A670A8C9433D30D0C29FD538BF56E6D93E781AE74F9F8433F1F
958	4258211	99CCA5CE59B4221A2A2608465A72E9D838C55CDEB9A64F232848F0EB1C2A974A
959	4258299	D23B416E81C85FE5C1FAF23A1B2AE8447BE7069C108B4FC630845F4F16EF1C83
960	4258404	F4EC69D9AEA3FFDF7E81D225CABBC60512FCFECE1C4DFD9E29ADC3AE8478655D
961	4258547	E7249A17371F1739E5CC70AB574BACD2D7D33D4F292043A216B3838376DB928F
962	4258549	7EA483ACF57EA640FAAD3DC9F6C297815119BF3C16E338355B5445218FF83100
963	4258580	4D42FC6535293DF5CD42D502B5A4493BC89036AB4C695F1FBA7FC09B02F4BC70
964	4258581	2C0D48C58D217C8586A497FD6C73AC9AD27B2005AF6F260BC4F2E993D4E4026E
965	4258583	94F997F99918FBC9C1FEC84A864E4D9EAE980834A18A219468CC98671AF7AD6C
966	4258584	BF7EA7F82469234EDF669BBB935C8EF676210000ADD0C0E1D6FC896AF3C19906
967	4258585	0C96AEF1897B5394E3543D27141DE35E5A9AB7E967350B7ADEFCCED3F70281FD
968	4258843	47A3949BAE80BEC72FD3A0963E7392ED11D3DD1B224EBBC0F1F9B6E0B4CBBD5E
969	4259375	9CC095034AC0E3891A44B188EAF58FAD1539159AF150582BEF18FCADFA403408
970	4259880	014273C01B550FA79F813C4B0A57C3DBBDAA9352B8228BDE8250AFC2DA0A7EEE
971	4259881	0D59286CD1934E835FDFB3FB918C02F47E8517B2E0BD329B4545A9AB9535C0B5
972	4259903	DF1AFA6A2536A669A4F7E3AECE9424C84B0233CB07365F1275758FDCA4438A9F
973	4259923	3C36CFA510D3008CB801195070FD6DC28A6C0D96B44B6AAE3B19683182206A73
974	4260095	54D533A3A419953BBB24665BFCC3BDD21320BC85E4766769297B249E2E678F3C
975	4260137	9FA0AFC04A244B4ED644147D3983132C4E448B3BA41491D65795207784948BFD
976	4260147	0BA3DF8702604E2E818D860BA31E824F7D00672FD0E9A7425882459B6233ED35
977	4260241	5A7394B4CDC955356ADD1B1BFD03D8A643C66296DF583F5F652D7E6F8B8A19AA
978	4260283	0D189940C582DC06455981DA5298D2956DB8BF72DB1FDA9B03B1483EDE2315D5
979	4260601	13330836E80FD9906C83686D374628FDE47B7909C289B812B1FAFBFA6E331E4C
980	4260623	D983971001E4B4A7517ED0B4BCB62581AD2ACB9F801EB87A95A492BED4FA4733
981	4260642	86D35DDB8A67F117CDD8A4FFB4425A2764DAE788CED4B24BBC08C65F311A482B
982	4260643	FF1BDE5402723AD72B3BD761D134250AE41BCBC5680BC433CB0394AFE39E8C32
983	4260794	90B112EF090E2C4A8C999C9F8977A284026448138A9BA8BDD37F6C428CF5FBEB
984	4260823	E57B3212F787D96819A5A85D951E4330A927A11788897EA26882CEC456715E24
985	4260825	8009223614442E2E74F534C1E265F8BAB0B0FF6AC4531FACEDC1430BD346EECE
986	4260845	4C0911D2F1CB69B282DB8C669605BE4365899A9D61D486DFCCC9655AF5C34C74
987	4260871	D7557800E2F31A4CEBDBD9F33D01A14F2377B9645014224BDF3DFEBAA971AE7F
988	4261711	B63EFF8FAFC4E83FBB454AC385EC060A855471CE9EE3982E7FE14C11FA41F12E
989	4262443	BF39557D9DA58C408FFCCC33B77E4F1AF8312BF15998701E3674A0D5F1C0ED22
990	4262446	F7429D543F6F36F5266A4391F8CD7CE09A415E3FCA73325E9A09A789390A8A84
991	4262449	3101FC8230E660E4AE9E164D52C38685F8D1315281EB7C5891F15510BB9BFDB7
992	4262490	9626F540899A4659D1493FAA31D64BBECF3A1E8AFDC29D173D4A782BEF10409D
993	4262491	C0F44AC9925A2DF7CA8CE68F2306A9C1F2707242764D20DEDD19AC3D5219B926
994	4262494	45C7743C3AA051F514A1A0634D765F68839A5E5293EFB74D368B7F3C06B0D6A3
995	4262498	124C3B153EF894BA626412B373CA12F3B634379C12F9AFC4D98ED710B07BE27C
996	4263605	708B150EC6365D5138639709ADC630EB468281E50EF2C4C44092C26272A8B94C
997	4264090	C4E905FB2B7F8B6DB83D598FCB152595EBE1CE3DD9C4720EF48CA69FFD8B1D22
998	4265061	96BCF27AEA91446B57B6707FC35A530BB47C42BCBF03C09FFF06EC477961924F
999	4265065	B6E6F6AC419515AD7731382C3917DFC98613A6A12ACC71F2020946C671D11C2B
1000	4266313	DFC6E522478A5640DBE97F9ED903B5BBB24D0E05446CDEB36D7B53F9075C1239
1001	4267054	9E029245DE78FE2AC146B7283A0124A309DE2A1DC3C87C84DAA1061BB46DC7CD
1002	4267393	4540C7EF4EB1BABC9D3AA8ED48642313FCE329FFA2E800C0095E4F4155DA5271
1003	4267466	24433999781BE993FB7E26484C64534837274A18ED430F2711071BA12F45DB54
1004	4267592	CC5D7802F444EE6C4288AC0DABE553E8CD048CCA434614A6F4AE42FF4A5F0B60
1005	4268180	70C7F1D8862F30101A9332AB30FDD7BD9E07E74D026AE46F402942D314063E42
1006	4268771	6320A8D002B66D7A036C86B816DAA7F8D822FEC3696C135CED3875996B476677
1007	4269311	2305DEF2735FE523FBF6420534700E9C93BFE5AB85B2FA126E2BEC32827EC857
1008	4269640	FBD9049B3CB279A5563AEC3C4755302D19DE5A1ABE5C50728312E981E477C6F4
1009	4270933	F63D2A720524E7C20D04248D39A183368B09C11BD23D611E535A8CD3C096F19E
1010	4270986	491E32F59570CB8FFCC542CFC13CEC89769A78A72A3A8176078C2E31430E5CA6
1011	4271473	27A93C152671B76EAEEC803C473418334F73B0D00D517EE404586ED67137B788
1012	4271520	107AEC6750FDE2E749104E3962DCFCF5071284BB4CD68424078ECC08A4AD7C93
1013	4272535	7AA6DD34E614DA069AA9C4E2B249B7E42E7D470E6A3D0DCE3A08C53CB0C6FD6A
1014	4273658	D2E85D023CF37D74DEF728BBF020101FBCA0A1D3CE19FE8F1EB085650DA204B1
1015	4274360	87D8F7B3E8167A96A4684746AA570CB2739CF28D5744BE246825629918C5AE95
1016	4274362	AD54FBFDE50456E5DFAFEC53C6C009ECDCC0864CEBC359E0126EB38E4D131684
1017	4274396	A51BD85F47BE1C8D1FB18061AF2FEC3B11B50D9B70008EC60F503346EF6743DA
1018	4274398	52A22DA41A2F121295993852FCC88B57B3E94FA0D3831F361EA4BEC58C908076
1019	4275343	A8282515988DE9D8E243913FE82B92FAF11BB71367B964C5519477544E3B30B8
1020	4275344	6FE1786465ED1160A1B09DCD5615BE1388779B4C683C937F270AD5A322F78728
1021	4275640	E2B061812CD1C7C952DE53D51625E20E6F411124F7D7EB6B5F3D51CD168659D0
1022	4275641	AAC7830CB2921CFC5EBBB3D8A24FCBD5C485F1A005B8F669A022BB2B6F42040D
1023	4275642	6C05A571C1CBEF65B6341C5A73388B60E592540FB99BD3BEA991DD02E3457B4D
1024	4275643	77374D64C62F9B6DADB1F717AAD9A95A58CB334C27EC5C438AEEF2C79AA440BC
1025	4275644	678FF21DB236F5B31042085B7DB99104D14FFA6817EDCAB5CD8081F101E36905
1026	4275940	E4C16BF9DB84D7FBADC3F58895C0A367A1D20A1C372388CF3B1009FE96CA934D
1027	4275941	2E6DBAD2ED18643DDDD122053BC5B4D1375D4019D79D978AA77D14244A83C2C0
1028	4275943	7A5F33208E53C274798FF546CD748B2B6F63830420C49EDFDA3FDD1CC2BB0756
1029	4275944	2CA361D5439B2ABF6E9B27866B7282AB921415BA22B3C317EC65F5E4114CBC6D
1030	4276240	08CD8B9A238A60B5746C1D935DE7B6A0F698CEF2916FE96E06C8702166985260
1031	4276244	7C08C22543EA29E83C52F811C39D6E5C3D9EBC9577BC998E7E70CEB97BCE5510
1032	4277715	9CE687FA563C15E81A93C0FE0F76E3295CE095B8958EA7910968AF9C1897038E
1033	4278515	BE60BE240CA78BBC791F55C082F04B7F9EF4DE950D0F3A385E1FB582918B9A1D
1034	4279129	35B8E3C15537AB983790255D551830F24FCFBAD769C1E9FCDAD4068B064C6C42
1035	4279873	FF9805618CE39CCEB00D203A4E54B7B459C0497507568CB90704CDF017DA184B
1036	4279939	62194A2008FC7DE4C47AEEB928E65D9B4F70839279824CB6F2ED96CE23891C7B
1037	4280405	60D2FE6C73646A5F033E34F5D3E7AE72BC258C1BCE2CDB90D5EC2099348C9A63
1038	4280659	401693A21D5C447319F04FFEFF636ED7A1DC4DD4FA70410C8C7563EE15D103A6
1039	4282004	8B44C94FC372095FF2A6F090077644A62D3C159E8FAEC6EB07BC605E2D10344D
1040	4282208	A91E6078FCA8AF5E8DD5F7D139A8B26E2BBF1A8DE5CF9188970FB3C23D10322B
1041	4282212	12EADB6E4A993DD73DFC79E9512A0B6202FFFFA408E1956361FE7AAC8B650453
1042	4282532	59A524D4B10020B9A01534F468E5C41AFB92C6B67D898DAB771216C9ADC40916
1043	4282748	847B55176A98733E3A89CEF15C6AB448E8B1F308638C6DC4CEDD47C1565176A3
1044	4282749	378DF7DF78D7B7F1735C18810D4B2F03F93747D09436F5852F92240E9FE578F4
1045	4282752	CB96DCFCC509B569A592299272F6F27895DA2F4494060265CAD6DE568D9FD698
1046	4282753	13AD66DC95E5A9DA99F8841B8A01FC2FFC535EB38E8FCB8977817C2EE122B958
1047	4283079	FFCFD8C614349C90F49913F50D66F63347DDBCBF5A6C90C328E649146EC4FF53
1048	4284363	BEB589E780A43DC694C4205CFE34901A210E5A29F98790B2DCC5B08EC91606E5
1049	4286378	49400D94620E91EEDD66456A2D6F80E6A0D03D84FB0758E805BC5A0E9FA8554C
1050	4286874	185710FF6CE546808291D20EA9D44565E3591D94C0AFCA14CAECC8B8FE4375D6
1051	4288856	07A8A2273D94327DD69C24B8B2DFC34CFAB63A9B9E0DE1877E06D8D85DDB5C57
1052	4289061	1E37F6F8E1BBA49FB4247E9EAC6F7EB60BDEAB4A4BA9B91E815E3C3955D11055
1053	4290341	3269187315B0DB8853BDA918A44E3C5BF8430B519BFB3BB4B4BC3A92D291DF74
1054	4291421	7AE0692948B94B2A467ACE25DC459EC2F0B6DC0F968F0A6B66C12DBE22DE24BC
1055	4291678	1BF5CCB7677728ABD066C9156B3377C6A9873F904173949A4504AC25A496E31E
1056	4293550	8BA9EDB315615EBFB8A308396A7D8A34B3695AED072904879349F01D875D5DC6
1057	4295793	34F455249A5AFADFA32D374408362891A33887822E65B5BAB42B2476DE62E258
1058	4295874	E814F84CCC0D6C2D6E4C0BF28AD2767EE2DA69C957E63DFCA53EC71109C41A1D
1059	4295918	C76F719C3DD9901DE7200166ED54C42E8AC8C88C2FE32165FFA680EB2426B30C
1060	4296740	69D47268F56E66CF914D0D2C88AC4831381EE2242304E5F14736C9F1AAC8869B
1061	4299654	B3D23AF9DADCFFED91DFBF5B23A6EB86F9AC47EB11D2C5345F63B4C27BFCABF7
1062	4300014	0981C76477F5C54AB60DE5EDD5DBA918D8CCB9385DDF7E99B7CA5CA78686268C
1063	4300575	172DFD877A6891907DC19ED2D476EA932FC2B274EE34138E2B83B836B6D5C5BF
1064	4300654	F929A093F03CC2BE46E45E6A0220BE0CA7EA1919BE851EBDCF57D9551F5E3330
1065	4300741	DC64CFA9DCECD9A69D65A8C3D9E64CF620AF260ECFF20681E2C893EC761B2304
1066	4301094	7511538EE500F7E5DD22BE375110BDE2219356D0219876B19ED73E065ED28080
1067	4301101	E173546F43A4ED3516769251523089E7B9F52592253B9E776813301A90A95B36
1068	4301461	07CA572593BCEAC558211620F933ACEB6D477D1BA9D5FC2681E0D49881522BAB
1069	4301876	E4B9D1BFC85DC18F7DB6C854A405D7E1749307D7DE8EEB77A9A93D5948C76AC6
1070	4303430	63AD21639012B8910872476FA2349D94E5CFB7DFC8D3FCD99F3D407F02D294DC
1071	4303448	BBB71C9B46027289DF245D064597ED9E86CC427F502646221982E3D19CE4BFBB
1072	4303659	49C0B439C28BBB7C3698FB081919B6DA582997790DA8B61B07A8A51C7CEFD2D5
1073	4303661	38430194A94C3619324C1B5CE39FA5FC8F5290F01C11A63B237431EF5081731E
1074	4303694	1C985530C3FB0DEC9314C46EA2F41D77045D4BEC991DA1274C70C76C13979C16
1075	4304193	DF1458753A1F95737BCE506FEF580BFFAD07B4985FC3DA6CA2CB735242558836
1076	4304887	309087EBEE1CE711EF3DCB8AC6D975B95023DC1B9AD2286DEB011BC167C2A254
1077	4304893	49EF4446E7653212AD33E79D5A140643E9C4A8F7CB504FA04136E06158E11426
1078	4305613	21066F242B746762E84E33136C7391F884C984C3F8DABE56B0BD7C18D2C33293
1079	4305847	313850A482866EF1764CF614216A560EB8E2060B1C2F9479683E1A53900F25F7
1080	4306778	1E1AD69552F2CDF1972FC32B1A658D8E3223EB0842A50A6D2119B20A93BC199B
1081	4307513	4BA3AFF5EC1B29B1D4C22D593F2A9B258856381DDDB12AD373C67D5FE3961BDE
1082	4307712	99F8823FEA7CBBC2D74F47B0E2A4A1F8651476EE049075D3148760E85E9A0A41
1083	4311351	7EB854E2257959A2A19FC9857C5DBDCA91C778EF06750FF17D3B00500F5E7C85
1084	4311449	6AF530DC480A78027FA35536DB8B15474F2D7304F02A2576D763AD4AC5EAC18F
1085	4311477	40A88E24FA4E175B26351841A085BF659FD2E05A543F99D119923205E00EB6C5
1086	4311589	FA786E545B02A9F6EE6D8F2018473A4EA29FC1EC15340415C895C2CEEC15A726
1087	4311626	2989C6749894F8E247257B557E04378A0F703F94BE8664C81C608DC93EC9538C
1088	4312244	D12E4A048A0C19BC2BE01217A07672FF241E33068A9D8280B0B24B89D919A994
1089	4312420	C93A441466702C4C0D97DA84F223CFC0CBB49C4229C8B6F88D0E4A439F7DE370
1090	4312421	B9A90C53D93E5C735C02C38CC6B1A1139D6F95E95B88633D8B42BBBCBF01D116
1091	4312422	CC52BB99AE41339B8CF18F059B3B3EA56B40DA60624CEAD5DFEADE0F1E356C9C
1092	4312423	254F0D4B905F0F981FB8AE9989694E029674E53AE533B3B93958D8B654B26E83
1093	4312424	FBFC31D9257BFEA5C6250FBC44774A183A5D2C1E871BEC6BB16CA16C827C1BCE
1094	4312425	564E995879FFD8DFE8AD0C56B8B022DEB978654C3E5CB52D69BFDBD09023E24F
1095	4312426	AC3D9A9ABA6A2F3B05879CFEB7A9816051DF8FEA8AC7B5878F8A791A0427DF77
1096	4312427	CC98ACF512D95393F860EFF88EED9636F2162EA146B353EDE2E956188C43475B
1097	4312428	40BB101D1E2F8AF18F73347682AC3772B070E37EA79E513199DB9C04B647D00D
1098	4312429	9E0AE131FD5AAC7B8E87A6E1FCAF6715EF628AAD5EB46024F42B102394CF06F8
1099	4312430	B19F5886A67056ED0F19BA5425C19E3AA3CF29273C910F678BDC0B26D07FD54A
1100	4312431	A5083B5879B2F767A87CFC49D4A288EF64FD59E192CD22842EFBBDEDAC738E40
1101	4312432	CCEF129D3B2DC21F75200769F3944338AA4668461BC74D944CF2AF47908E4083
1102	4312435	4409BAF33B4C6D09B01DFBD7FA8566B28287E817D2DC7BB980F7800D1F7A1541
1103	4312437	DB0C41CABF19293A631F4233CBAC8AB8585E7A3F8BE820A4EC6D496AE66B1DBC
1104	4312438	55397795D67B7C64F9E7B2C825227879477419C08FD6A7D7744C8ECED4BBF3CC
